Fecha;EUA;CER;SPREAD (EUA - CER)
2/01/2008;23;17.18;5,82
3/01/2008;23.58;17.4;6,18
4/01/2008;23.6;17.45;6,15
7/01/2008;23.63;17.6;6,03
8/01/2008;23.7;17.6;6,1
9/01/2008;23.48;17.65;5,83
10/01/2008;23.13;17.4;5,73
11/01/2008;23.1;17.4;5,7
14/01/2008;23.48;17.4;6,08
15/01/2008;23.23;17.35;5,88
16/01/2008;22.75;17.25;5,5
17/01/2008;22.18;17.05;5,13
18/01/2008;22.28;17.1;5,18
21/01/2008;20.8;16.2;4,6
22/01/2008;20.35;15.75;4,6
23/01/2008;19.88;15.6;4,28
24/01/2008;19.85;15.45;4,4
25/01/2008;21.03;15.65;5,38
28/01/2008;20.65;15.4;5,25
29/01/2008;20.68;14.9;5,78
30/01/2008;20;14.9;5,1
31/01/2008;19.1;14;5,1
1/02/2008;19.18;14.4;4,78
4/02/2008;19.2;14.3;4,9
5/02/2008;18.9;14;4,9
6/02/2008;19.98;14.6;5,38
7/02/2008;20.38;14.65;5,73
8/02/2008;20.4;14.65;5,75
11/02/2008;20.26;14.65;5,61
12/02/2008;19.98;14.8;5,18
13/02/2008;19.92;14.9;5,02
14/02/2008;20.7;15.25;5,45
15/02/2008;20.85;15.4;5,45
18/02/2008;20.9;15.5;5,4
19/02/2008;20.83;15.75;5,08
20/02/2008;21.75;15.8;5,95
21/02/2008;21.88;15.75;6,13
22/02/2008;21.42;15.75;5,67
25/02/2008;21.85;16;5,85
26/02/2008;21.45;15.9;5,55
27/02/2008;21.66;15.85;5,81
28/02/2008;21.97;15.8;6,17
29/02/2008;21.51;15.6;5,91
3/03/2008;21.03;15.2;5,83
4/03/2008;20.68;15.05;5,63
5/03/2008;20.66;15.15;5,51
6/03/2008;21.24;15.75;5,49
7/03/2008;21.35;15.6;5,75
10/03/2008;21.45;15.7;5,75
11/03/2008;21.83;15.85;5,98
12/03/2008;22.06;16;6,06
13/03/2008;22.45;16.05;6,4
14/03/2008;22.41;16.55;5,86
17/03/2008;22.19;16.25;5,94
18/03/2008;21.26;16.5;4,76
19/03/2008;21.66;16.4;5,26
20/03/2008;21.48;16.38;5,1
21/03/2008;21.97;16.88;5,09
25/03/2008;22.36;17.75;4,61
26/03/2008;22.45;16.9;5,55
27/03/2008;22.3;16.9;5,4
28/03/2008;21.5;16.85;4,65
31/03/2008;21.8;16.85;4,95
1/04/2008;21.85;16.8;5,05
2/04/2008;22.1;15.9;6,2
3/04/2008;22.5;16.2;6,3
4/04/2008;22.45;16.2;6,25
7/04/2008;22.6;16.25;6,35
8/04/2008;22.4;16.3;6,1
9/04/2008;22.6;16.15;6,45
10/04/2008;22.8;16.2;6,6
11/04/2008;23.3;16.6;6,7
14/04/2008;23.5;16.75;6,75
15/04/2008;23.7;16.85;6,85
16/04/2008;23.5;16.8;6,7
17/04/2008;23.45;16.75;6,7
18/04/2008;23.5;16.5;7
21/04/2008;23.6;16.6;7
22/04/2008;24;16.5;7,5
23/04/2008;23.9;16.5;7,4
24/04/2008;23.8;16.3;7,5
25/04/2008;23.9;16.2;7,7
28/04/2008;23.95;16.25;7,7
29/04/2008;23.75;16.15;7,6
30/04/2008;23.45;16.1;7,35
2/05/2008;23.4;16.1;7,3
5/05/2008;23.6;16.3;7,3
6/05/2008;23.9;16.4;7,5
7/05/2008;23.85;16.6;7,25
8/05/2008;23.9;16.9;7
9/05/2008;24.1;16.95;7,15
12/05/2008;24.25;17.05;7,2
13/05/2008;24.23;17.1;7,13
14/05/2008;24.2;17.2;7
15/05/2008;24.4;17.05;7,35
16/05/2008;24.5;17.2;7,3
19/05/2008;24.6;17.15;7,45
20/05/2008;24.9;17.2;7,7
21/05/2008;25;17.3;7,7
22/05/2008;25.25;17.6;7,65
23/05/2008;25.55;17.55;8
26/05/2008;25.9;17.6;8,3
27/05/2008;25.95;17.85;8,1
28/05/2008;25.9;17.9;8
29/05/2008;25.95;17.95;8
30/05/2008;25.93;17.97;7,96
2/06/2008;25.97;18.15;7,82
3/06/2008;26.95;18.9;8,05
4/06/2008;26.73;19.12;7,61
5/06/2008;26.25;19.15;7,1
6/06/2008;27.1;20.22;6,88
9/06/2008;27.15;20.4;6,75
10/06/2008;26.85;20.4;6,45
11/06/2008;26.7;20.25;6,45
12/06/2008;26.65;20.15;6,5
13/06/2008;26.5;20.1;6,4
16/06/2008;26.4;20.2;6,2
17/06/2008;26.55;20;6,55
18/06/2008;26.75;20.35;6,4
19/06/2008;26.9;20.4;6,5
20/06/2008;26.85;20.3;6,55
23/06/2008;27.1;20.25;6,85
24/06/2008;27.15;20.35;6,8
25/06/2008;27;20.4;6,6
26/06/2008;27.05;20.35;6,7
27/06/2008;27.4;20.55;6,85
30/06/2008;28;20.6;7,4
1/07/2008;28.3;20.9;7,4
2/07/2008;27.25;22.1;5,15
3/07/2008;27;21.45;5,55
4/07/2008;26.4;21.3;5,1
7/07/2008;27;21.8;5,2
8/07/2008;25.55;21.9;3,65
9/07/2008;25.5;21.85;3,65
10/07/2008;25.95;22.15;3,8
11/07/2008;26.8;22.6;4,2
14/07/2008;26.9;22.45;4,45
15/07/2008;26.2;22.3;3,9
16/07/2008;24.7;21.3;3,4
17/07/2008;25;21.8;3,2
18/07/2008;24.3;21.25;3,05
21/07/2008;24.15;21.2;2,95
22/07/2008;24.2;21.05;3,15
23/07/2008;24.18;20.7;3,48
24/07/2008;24.75;20.35;4,4
25/07/2008;24.75;20.2;4,55
28/07/2008;23.95;19.6;4,35
29/07/2008;23.4;18.9;4,5
30/07/2008;21.95;18.5;3,45
31/07/2008;21.9;18.3;3,6
1/08/2008;20.6;17.7;2,9
4/08/2008;20.9;17.5;3,4
5/08/2008;21.35;18.1;3,25
6/08/2008;21.95;18.6;3,35
7/08/2008;22.3;18.6;3,7
8/08/2008;22.15;19;3,15
11/08/2008;22.15;19.15;3
12/08/2008;23.1;19.55;3,55
13/08/2008;23.4;19.95;3,45
14/08/2008;23.1;19.8;3,3
18/08/2008;23.15;19.65;3,5
19/08/2008;23.1;20.15;2,95
20/08/2008;23.95;20.1;3,85
21/08/2008;24.2;20.3;3,9
22/08/2008;24.15;20.45;3,7
25/08/2008;24.1;20.5;3,6
26/08/2008;24.15;20.6;3,55
27/08/2008;24.5;20.95;3,55
28/08/2008;24.6;21.05;3,55
29/08/2008;24.95;21.25;3,7
1/09/2008;24.2;21.2;3
2/09/2008;24.05;20.65;3,4
3/09/2008;24;20.5;3,5
4/09/2008;24.05;20.8;3,25
5/09/2008;24;20.85;3,15
8/09/2008;23.95;20.3;3,65
9/09/2008;22.95;19.45;3,5
10/09/2008;22.6;19.4;3,2
11/09/2008;22.9;19.3;3,6
12/09/2008;23.45;20.05;3,4
15/09/2008;22.7;19.5;3,2
16/09/2008;22.55;19.45;3,1
17/09/2008;22.9;19.65;3,25
18/09/2008;23;19.5;3,5
19/09/2008;23.95;20.6;3,35
22/09/2008;24.45;20.6;3,85
23/09/2008;24.6;20.5;4,1
24/09/2008;24.4;20.2;4,2
25/09/2008;24.1;20.25;3,85
26/09/2008;24;20.1;3,9
29/09/2008;22.8;18.9;3,9
30/09/2008;21.8;18.9;2,9
1/10/2008;22;19.1;2,9
2/10/2008;22.45;19.3;3,15
3/10/2008;21.1;19.1;2
6/10/2008;21.8;18.5;3,3
7/10/2008;21.9;18.95;2,95
8/10/2008;21.5;19;2,5
9/10/2008;22.2;19.8;2,4
10/10/2008;21.6;19.2;2,4
13/10/2008;22;19.95;2,05
14/10/2008;22.5;20.15;2,35
15/10/2008;22.1;19.85;2,25
16/10/2008;21.6;19.25;2,35
17/10/2008;21.4;19.15;2,25
20/10/2008;21.3;19;2,3
21/10/2008;21;18.2;2,8
22/10/2008;19.7;17.2;2,5
23/10/2008;19.8;17.05;2,75
24/10/2008;18.5;16.25;2,25
27/10/2008;17.25;15;2,25
28/10/2008;17.35;15.05;2,3
29/10/2008;17.6;15.1;2,5
30/10/2008;17.9;15.3;2,6
31/10/2008;17.67;15;2,67
3/11/2008;18.06;15.15;2,91
4/11/2008;18.5;15.75;2,75
5/11/2008;18.52;16;2,52
6/11/2008;18.12;15.65;2,47
7/11/2008;18.75;16.2;2,55
10/11/2008;18.62;16.18;2,44
11/11/2008;17.99;15.7;2,29
12/11/2008;17.75;15.65;2,1
13/11/2008;17.78;15.95;1,83
14/11/2008;17.45;15.92;1,53
17/11/2008;16.97;15.6;1,37
18/11/2008;16.1;15;1,1
19/11/2008;16.2;15.1;1,1
20/11/2008;14.65;13.5;1,15
21/11/2008;14.99;13.8;1,19
24/11/2008;15.4;14.4;1
25/11/2008;15.2;14.18;1,02
26/11/2008;15.4;14.05;1,35
27/11/2008;16;14.7;1,3
28/11/2008;15.4;14.3;1,1
1/12/2008;15.6;14.5;1,1
2/12/2008;15.15;14.1;1,05
3/12/2008;15.2;14.2;1
4/12/2008;14.8;13.9;0,9
5/12/2008;13.72;13.2;0,52
9/12/2008;14.25;13.45;0,8
10/12/2008;14.4;13.55;0,85
11/12/2008;14.6;13.4;1,2
12/12/2008;14.5;13.2;1,3
15/12/2008;15.1;13.65;1,45
16/12/2008;15.25;13.5;1,75
17/12/2008;15.23;13.95;1,28
18/12/2008;15.03;13.15;1,88
19/12/2008;14.98;13.1;1,88
22/12/2008;15.2;13;2,2
23/12/2008;15;12.9;2,1
24/12/2008;14.85;13.05;1,8
29/12/2008;14.9;13.1;1,8
30/12/2008;15;13.15;1,85
2/01/2009;14.75;13.3;1,45
5/01/2009;14.8;13.35;1,45
6/01/2009;15.15;13.65;1,5
7/01/2009;14.9;13.55;1,35
8/01/2009;14.27;12.95;1,32
9/01/2009;14.38;12.8;1,58
12/01/2009;13.9;12.7;1,2
13/01/2009;13.7;12.4;1,3
15/01/2009;12.9;12.45;0,45
16/01/2009;12;11.8;0,2
19/01/2009;11.55;11;0,55
20/01/2009;10.7;10.25;0,45
21/01/2009;10.95;10.4;0,55
22/01/2009;11.15;10.65;0,5
23/01/2009;11;10.4;0,6
26/01/2009;11.5;10.75;0,75
27/01/2009;11.4;10.55;0,85
28/01/2009;11.1;10.5;0,6
29/01/2009;11.5;10.4;1,1
30/01/2009;11.4;10.6;0,8
2/02/2009;10.9;10.2;0,7
3/02/2009;10.5;10;0,5
4/02/2009;10.17;9.8;0,37
5/02/2009;9.9;9.6;0,3
6/02/2009;9.8;9.39;0,41
9/02/2009;9.7;9.5;0,2
10/02/2009;9.1;8.85;0,25
11/02/2009;8.32;7.98;0,34
12/02/2009;7.9;7.5;0,4
13/02/2009;8.2;7.9;0,3
16/02/2009;8.1;7.7;0,4
17/02/2009;8.4;8.1;0,3
18/02/2009;9.2;8.9;0,3
19/02/2009;10.2;9.87;0,33
20/02/2009;9.81;9.2;0,61
23/02/2009;9.35;8.95;0,4
24/02/2009;9.12;8.6;0,52
25/02/2009;9.4;9.22;0,18
26/02/2009;10.25;9.9;0,35
27/02/2009;9.95;9.55;0,4
2/03/2009;9.8;9.47;0,33
3/03/2009;10.65;9.83;0,82
4/03/2009;11.35;10.55;0,8
5/03/2009;11.09;10.75;0,34
6/03/2009;10.45;10.1;0,35
9/03/2009;11.1;10.59;0,51
10/03/2009;11.55;10.95;0,6
11/03/2009;11.16;10.43;0,73
12/03/2009;11.2;10.55;0,65
13/03/2009;11.72;11.17;0,55
16/03/2009;12.02;11.45;0,57
17/03/2009;12.55;11.82;0,73
18/03/2009;11.95;11.3;0,65
19/03/2009;11.39;10.85;0,54
20/03/2009;10.85;10.35;0,5
23/03/2009;11.49;10.68;0,81
24/03/2009;10.98;10.3;0,68
25/03/2009;10.05;9.5;0,55
26/03/2009;10.1;9.62;0,48
27/03/2009;10.6;9.45;1,15
30/03/2009;10.65;9.95;0,7
31/03/2009;11.06;10.48;0,58
1/04/2009;11.5;10.8;0,7
2/04/2009;11.86;10.7;1,16
3/04/2009;12;11.09;0,91
6/04/2009;12.19;11.05;1,14
7/04/2009;11.9;10.5;1,4
8/04/2009;12.18;10.68;1,5
9/04/2009;12.55;10.8;1,75
14/04/2009;13.52;11.2;2,32
15/04/2009;13.49;11.1;2,39
16/04/2009;13.35;10.9;2,45
17/04/2009;13.43;11.09;2,34
20/04/2009;13.1;10.9;2,2
21/04/2009;12.55;11.12;1,43
22/04/2009;13.05;11.2;1,85
23/04/2009;13.07;11.55;1,52
24/04/2009;13.05;11.16;1,89
27/04/2009;13.15;11.7;1,45
28/04/2009;13.1;11.55;1,55
29/04/2009;13.1;11.8;1,3
30/04/2009;13.25;11.3;1,95
4/05/2009;14.2;12;2,2
5/05/2009;13.9;11.8;2,1
6/05/2009;14.04;12;2,04
7/05/2009;14.42;12.15;2,27
8/05/2009;14.92;12.7;2,22
11/05/2009;15.2;12.9;2,3
12/05/2009;14.7;12.34;2,36
13/05/2009;14.17;12.16;2,01
14/05/2009;13.85;12.15;1,7
15/05/2009;13.8;11.9;1,9
18/05/2009;14.02;11.91;2,11
19/05/2009;14.2;12.25;1,95
20/05/2009;14.59;12.62;1,97
21/05/2009;14.62;12.4;2,22
22/05/2009;14.8;12.75;2,05
25/05/2009;14.64;12.7;1,94
26/05/2009;14.68;12.9;1,78
27/05/2009;14.97;12.78;2,19
28/05/2009;14.78;12.76;2,02
29/05/2009;14.65;12.5;2,15
1/06/2009;14.87;12.83;2,04
2/06/2009;14.7;12.8;1,9
3/06/2009;14.01;12.3;1,71
4/06/2009;13.92;12.6;1,32
5/06/2009;13.91;12.25;1,66
8/06/2009;12.9;11.7;1,2
9/06/2009;12.85;11.65;1,2
10/06/2009;12.93;11.75;1,18
11/06/2009;12.91;11.77;1,14
12/06/2009;12.65;11.3;1,35
15/06/2009;12.25;10.82;1,43
16/06/2009;12.55;11.32;1,23
17/06/2009;12.51;11.21;1,3
18/06/2009;12.58;11.07;1,51
19/06/2009;12.95;11.7;1,25
22/06/2009;12.76;11.2;1,56
23/06/2009;12.79;11.35;1,44
24/06/2009;13.02;11.75;1,27
25/06/2009;13.12;11.77;1,35
26/06/2009;13.13;11.8;1,33
29/06/2009;13.28;12.1;1,18
30/06/2009;13.03;11.9;1,13
1/07/2009;13.11;12.03;1,08
2/07/2009;12.87;11.9;0,97
6/07/2009;12.85;11.78;1,07
7/07/2009;12.95;11.98;0,97
8/07/2009;13.12;12.06;1,06
9/07/2009;13.2;12.08;1,12
10/07/2009;13.7;12.28;1,42
13/07/2009;14.1;12.49;1,61
14/07/2009;14.01;12.35;1,66
15/07/2009;14.03;12.49;1,54
16/07/2009;14.18;12.62;1,56
17/07/2009;14.02;12.9;1,12
21/07/2009;14.17;12.97;1,2
22/07/2009;14.12;12.97;1,15
23/07/2009;14.07;12.83;1,24
24/07/2009;14.12;12.98;1,14
27/07/2009;13.96;12.9;1,06
28/07/2009;13.73;12.75;0,98
29/07/2009;13.4;12.39;1,01
30/07/2009;13.32;12.33;0,99
31/07/2009;13.55;12.6;0,95
3/08/2009;13.85;12.53;1,32
4/08/2009;14.07;12.71;1,36
5/08/2009;14.12;12.78;1,34
6/08/2009;14.05;12.7;1,35
7/08/2009;13.85;12.6;1,25
10/08/2009;13.91;12.52;1,39
11/08/2009;13.94;12.45;1,49
12/08/2009;13.98;12.65;1,33
13/08/2009;14.05;12.6;1,45
14/08/2009;14.32;12.8;1,52
17/08/2009;14.17;12.83;1,34
18/08/2009;14.4;12.87;1,53
19/08/2009;14.5;12.98;1,52
20/08/2009;15.02;13.18;1,84
21/08/2009;15.1;13.3;1,8
24/08/2009;15.15;13.5;1,65
25/08/2009;15.05;13.65;1,4
26/08/2009;14.98;13.5;1,48
27/08/2009;14.95;13.64;1,31
28/08/2009;14.96;13.68;1,28
31/08/2009;14.89;13.4;1,49
1/09/2009;14.65;13.32;1,33
2/09/2009;14.82;13.25;1,57
3/09/2009;15.08;13.4;1,68
4/09/2009;15.13;13.6;1,53
7/09/2009;15.12;13.69;1,43
8/09/2009;15.2;13.74;1,46
9/09/2009;15.01;13.71;1,3
10/09/2009;14.85;13.48;1,37
11/09/2009;14.59;13.07;1,52
14/09/2009;13.95;12.45;1,5
15/09/2009;14.15;12.92;1,23
16/09/2009;13.98;13.12;0,86
17/09/2009;13.54;12.8;0,74
18/09/2009;13.65;12.6;1,05
21/09/2009;13.76;12.85;0,91
22/09/2009;13.65;12.81;0,84
23/09/2009;13.28;12.36;0,92
24/09/2009;12.81;12.01;0,8
25/09/2009;13.15;12.34;0,81
28/09/2009;13.25;12.26;0,99
29/09/2009;13.17;12.3;0,87
30/09/2009;13.25;12.29;0,96
1/10/2009;13.18;12.2;0,98
2/10/2009;13.1;12;1,1
5/10/2009;13.14;12.07;1,07
6/10/2009;13.53;12.55;0,98
7/10/2009;13.55;12.74;0,81
8/10/2009;13.43;12.44;0,99
9/10/2009;13.79;12.88;0,91
12/10/2009;14.17;13.32;0,85
13/10/2009;14.12;13.44;0,68
14/10/2009;14.31;13.55;0,76
15/10/2009;14.11;13.47;0,64
16/10/2009;14.13;13.4;0,73
19/10/2009;14.2;13.37;0,83
20/10/2009;14.41;13.74;0,67
21/10/2009;14.75;13.91;0,84
22/10/2009;14.61;13.78;0,83
23/10/2009;14.5;13.65;0,85
26/10/2009;14.39;13.43;0,96
27/10/2009;14.2;13.35;0,85
28/10/2009;14.19;13.3;0,89
29/10/2009;14.73;13.91;0,82
30/10/2009;14.63;13.82;0,81
2/11/2009;14.4;13.7;0,7
3/11/2009;14.42;13.66;0,76
4/11/2009;14.28;13.55;0,73
5/11/2009;14.42;13.54;0,88
6/11/2009;13.98;13.13;0,85
9/11/2009;13.84;13.2;0,64
10/11/2009;13.64;13.03;0,61
11/11/2009;13.5;12.81;0,69
12/11/2009;13.2;12.43;0,77
13/11/2009;13.22;12.55;0,67
16/11/2009;13.58;12.9;0,68
17/11/2009;13.37;12.59;0,78
18/11/2009;13.41;12.61;0,8
19/11/2009;13.21;12.62;0,59
20/11/2009;13.01;12.5;0,51
23/11/2009;13.02;12.42;0,6
24/11/2009;12.61;11.91;0,7
25/11/2009;12.77;11.99;0,78
26/11/2009;12.95;12.27;0,68
27/11/2009;13.04;12.36;0,68
30/11/2009;13.02;12.23;0,79
1/12/2009;13.13;12.72;0,41
2/12/2009;13.29;12.75;0,54
3/12/2009;13.69;13.14;0,55
4/12/2009;13.91;12.86;1,05
7/12/2009;14.69;13.15;1,54
9/12/2009;14.02;12.64;1,38
10/12/2009;14.03;12.79;1,24
11/12/2009;14.21;13.01;1,2
14/12/2009;14.28;13.11;1,17
15/12/2009;14.3;13;1,3
16/12/2009;14.02;12.65;1,37
17/12/2009;13.2;12.07;1,13
18/12/2009;13.14;12.21;0,93
21/12/2009;12.19;11.2;0,99
22/12/2009;12.38;11.35;1,03
23/12/2009;12.72;11.68;1,04
24/12/2009;12.4;11.49;0,91
28/12/2009;12.4;11.55;0,85
29/12/2009;12.09;11.42;0,67
30/12/2009;12.28;11.34;0,94
4/01/2010;12.8;11.62;1,18
5/01/2010;12.45;11.3;1,15
6/01/2010;12.17;10.95;1,22
7/01/2010;12.43;11.02;1,41
8/01/2010;12.75;11.47;1,28
11/01/2010;12.95;11.61;1,34
12/01/2010;12.7;11.34;1,36
13/01/2010;12.94;11.62;1,32
14/01/2010;13.5;12.22;1,28
15/01/2010;13.12;11.63;1,49
18/01/2010;13.4;11.94;1,46
19/01/2010;13.58;12.04;1,54
20/01/2010;13.13;11.81;1,32
21/01/2010;13.16;11.86;1,3
22/01/2010;12.92;11.75;1,17
25/01/2010;13.21;11.89;1,32
26/01/2010;13.42;12.25;1,17
27/01/2010;13.28;12.2;1,08
28/01/2010;12.94;11.9;1,04
29/01/2010;12.7;11.7;1
1/02/2010;12.55;11.6;0,95
2/02/2010;12.44;11.37;1,07
3/02/2010;12.6;11.55;1,05
4/02/2010;13.05;11.83;1,22
5/02/2010;13.08;11.95;1,13
8/02/2010;13.6;12.3;1,3
9/02/2010;13.37;12.23;1,14
10/02/2010;13.06;11.77;1,29
11/02/2010;13.02;11.86;1,16
12/02/2010;12.81;11.61;1,2
15/02/2010;12.98;11.75;1,23
16/02/2010;13.15;11.97;1,18
17/02/2010;12.8;11.72;1,08
18/02/2010;12.8;11.57;1,23
19/02/2010;12.42;11.4;1,02
22/02/2010;12.6;11.31;1,29
23/02/2010;12.65;11.5;1,15
24/02/2010;12.82;11.78;1,04
25/02/2010;12.76;11.57;1,19
26/02/2010;12.79;11.83;0,96
1/03/2010;13.15;12.3;0,85
2/03/2010;13.1;12;1,1
3/03/2010;13.3;12.5;0,8
4/03/2010;12.99;11.92;1,07
5/03/2010;13.1;12.06;1,04
8/03/2010;12.95;12.05;0,9
9/03/2010;12.98;11.97;1,01
10/03/2010;13.05;12.1;0,95
11/03/2010;12.86;11.92;0,94
12/03/2010;12.75;11.68;1,07
15/03/2010;12.88;11.6;1,28
16/03/2010;12.85;11.3;1,55
17/03/2010;12.85;11.6;1,25
18/03/2010;12.92;11.8;1,12
19/03/2010;12.96;11.88;1,08
22/03/2010;12.94;11.75;1,19
23/03/2010;12.8;11.62;1,18
24/03/2010;12.62;11.5;1,12
25/03/2010;12.48;11.42;1,06
26/03/2010;12.69;11.74;0,95
29/03/2010;12.58;11.71;0,87
30/03/2010;12.66;11.74;0,92
31/03/2010;12.46;11.53;0,93
1/04/2010;12.89;11.6;1,29
6/04/2010;13.27;12.2;1,07
7/04/2010;13.33;12.15;1,18
8/04/2010;13.37;12.25;1,12
9/04/2010;13.48;12.29;1,19
12/04/2010;13.47;12.54;0,93
13/04/2010;13.48;12.35;1,13
14/04/2010;14.05;12.93;1,12
15/04/2010;13.96;12.57;1,39
16/04/2010;14.23;12.96;1,27
19/04/2010;14.45;13.3;1,15
20/04/2010;14.55;13.45;1,1
21/04/2010;14.53;13.41;1,12
22/04/2010;14.7;13.62;1,08
23/04/2010;14.79;13.58;1,21
26/04/2010;15.39;14.1;1,29
27/04/2010;15.06;14.02;1,04
28/04/2010;14.82;13.71;1,11
29/04/2010;15.12;13.97;1,15
30/04/2010;15.75;14.28;1,47
3/05/2010;16.25;14.55;1,7
4/05/2010;15.65;14.04;1,61
5/05/2010;15.8;14.03;1,77
6/05/2010;15.99;14.15;1,84
7/05/2010;15.42;13.66;1,76
10/05/2010;15.14;13.33;1,81
11/05/2010;15.49;13.83;1,66
12/05/2010;15.49;13.65;1,84
13/05/2010;15.6;13.83;1,77
14/05/2010;15.6;13.51;2,09
17/05/2010;14.92;13.05;1,87
18/05/2010;15.02;13.08;1,94
19/05/2010;14.65;12.8;1,85
20/05/2010;14.45;12.35;2,1
21/05/2010;14.55;12.22;2,33
24/05/2010;15.15;12.68;2,47
25/05/2010;15.05;12.59;2,46
26/05/2010;15.47;13.07;2,4
27/05/2010;15.3;12.93;2,37
28/05/2010;14.93;12.83;2,1
31/05/2010;14.9;12.86;2,04
1/06/2010;14.95;12.6;2,35
2/06/2010;15.05;12.78;2,27
4/06/2010;15.15;12.92;2,23
7/06/2010;14.95;12.67;2,28
8/06/2010;15.46;13.23;2,23
9/06/2010;15.6;13.2;2,4
10/06/2010;15.32;12.86;2,46
11/06/2010;15.45;13.04;2,41
14/06/2010;15.75;13.15;2,6
15/06/2010;15.65;13.24;2,41
16/06/2010;15.45;13.11;2,34
17/06/2010;15.55;13.41;2,14
18/06/2010;15.57;13.38;2,19
21/06/2010;15.68;13.42;2,26
22/06/2010;15.22;13.09;2,13
23/06/2010;15.15;13.04;2,11
24/06/2010;15.1;13.25;1,85
25/06/2010;15.18;13.1;2,08
28/06/2010;15.32;13.23;2,09
29/06/2010;15.03;13.1;1,93
30/06/2010;15.07;13.04;2,03
1/07/2010;15.03;13.05;1,98
2/07/2010;15.1;13.09;2,01
5/07/2010;15.22;13.05;2,17
6/07/2010;15.1;13.02;2,08
7/07/2010;14.76;12.64;2,12
8/07/2010;14.29;12.62;1,67
9/07/2010;14.56;12.53;2,03
12/07/2010;14;11.89;2,11
13/07/2010;13.78;11.98;1,8
14/07/2010;13.88;11.91;1,97
15/07/2010;13.82;12.18;1,64
16/07/2010;14.15;12.29;1,86
19/07/2010;14.45;12.37;2,08
20/07/2010;14.12;12.15;1,97
21/07/2010;13.8;12.05;1,75
22/07/2010;14.15;12.3;1,85
23/07/2010;13.92;12;1,92
26/07/2010;13.5;11.8;1,7
27/07/2010;13.58;11.63;1,95
28/07/2010;13.61;11.7;1,91
29/07/2010;13.9;11.98;1,92
30/07/2010;14.03;12.05;1,98
2/08/2010;14.3;12.35;1,95
3/08/2010;14.35;12.4;1,95
4/08/2010;14.28;12.25;2,03
5/08/2010;14.25;12.3;1,95
6/08/2010;14.15;12.18;1,97
9/08/2010;14.44;12.35;2,09
10/08/2010;14.4;12.3;2,1
11/08/2010;14.39;12.32;2,07
12/08/2010;14.32;12.25;2,07
13/08/2010;14.4;12.3;2,1
16/08/2010;14.33;12.34;1,99
17/08/2010;14.38;12.65;1,73
18/08/2010;14.28;12.61;1,67
19/08/2010;14.72;13.38;1,34
20/08/2010;14.94;13.39;1,55
23/08/2010;14.68;13.28;1,4
24/08/2010;14.77;13.28;1,49
25/08/2010;15.28;13.66;1,62
26/08/2010;15.15;13.5;1,65
27/08/2010;15.18;13.52;1,66
30/08/2010;15.28;13.57;1,71
31/08/2010;15.11;13.48;1,63
1/09/2010;15.25;13.6;1,65
2/09/2010;15.65;13.92;1,73
3/09/2010;15.7;14;1,7
6/09/2010;15.6;13.8;1,8
7/09/2010;15.62;14.12;1,5
8/09/2010;15.55;13.8;1,75
9/09/2010;15.42;13.86;1,56
10/09/2010;15.15;13.75;1,4
13/09/2010;15.2;13.87;1,33
14/09/2010;15.17;13.61;1,56
15/09/2010;15.36;13.76;1,6
16/09/2010;15.18;13.65;1,53
17/09/2010;15.2;13.6;1,6
20/09/2010;14.99;13.5;1,49
21/09/2010;14.88;13.5;1,38
22/09/2010;14.97;13.48;1,49
23/09/2010;14.78;13.2;1,58
24/09/2010;15.2;13.45;1,75
27/09/2010;15.3;13.58;1,72
28/09/2010;15.55;13.93;1,62
29/09/2010;15.55;14.23;1,32
30/09/2010;15.32;13.89;1,43
1/10/2010;15.25;13.45;1,8
4/10/2010;15.22;13.68;1,54
5/10/2010;15.37;13.7;1,67
6/10/2010;15.42;13.79;1,63
7/10/2010;15.37;13.85;1,52
8/10/2010;15.5;13.83;1,67
11/10/2010;15.73;14.12;1,61
12/10/2010;15.63;13.98;1,65
13/10/2010;15.65;13.98;1,67
14/10/2010;15.47;13.7;1,77
15/10/2010;15.37;13.65;1,72
18/10/2010;15.4;13.5;1,9
19/10/2010;15.01;13.05;1,96
20/10/2010;15.17;13.26;1,91
21/10/2010;14.85;13.07;1,78
22/10/2010;14.9;13.2;1,7
25/10/2010;15.06;13.2;1,86
26/10/2010;15;12.98;2,02
27/10/2010;14.99;13.07;1,92
28/10/2010;14.9;12.85;2,05
29/10/2010;14.6;12.62;1,98
2/11/2010;14.66;12.7;1,96
3/11/2010;14.68;12.58;2,1
4/11/2010;14.4;12.12;2,28
5/11/2010;14.51;12.33;2,18
8/11/2010;14.21;12.23;1,98
9/11/2010;14.27;12.18;2,09
10/11/2010;14.5;12.37;2,13
11/11/2010;14.81;12.53;2,28
12/11/2010;14.82;12.57;2,25
15/11/2010;15.06;12.6;2,46
16/11/2010;14.65;12.08;2,57
17/11/2010;14.84;12.37;2,47
18/11/2010;14.9;12.35;2,55
19/11/2010;15;12.36;2,64
22/11/2010;15.04;12.62;2,42
23/11/2010;14.98;12.49;2,49
24/11/2010;15.09;12.55;2,54
25/11/2010;15.08;12.45;2,63
26/11/2010;15.06;12.31;2,75
29/11/2010;14.92;11.93;2,99
30/11/2010;14.57;11.8;2,77
1/12/2010;14.69;11.9;2,79
2/12/2010;14.72;11.75;2,97
3/12/2010;14.77;11.75;3,02
7/12/2010;14.75;11.7;3,05
9/12/2010;14.47;11.49;2,98
10/12/2010;14.53;11.78;2,75
13/12/2010;14.5;11.79;2,71
14/12/2010;14.43;12;2,43
15/12/2010;14.29;12;2,29
16/12/2010;14.2;12.01;2,19
17/12/2010;13.95;11.93;2,02
20/12/2010;13.83;11.9;1,93
21/12/2010;13.86;11.94;1,92
22/12/2010;13.91;12.05;1,86
23/12/2010;13.67;11.84;1,83
24/12/2010;13.75;11.84;1,91
27/12/2010;13.7;11.85;1,85
28/12/2010;13.76;12.25;1,51
29/12/2010;13.8;12.07;1,73
30/12/2010;13.72;12.2;1,52
3/01/2011;13.83;12.09;1,74
4/01/2011;14.06;11.9;2,16
5/01/2011;14.15;11.7;2,45
10/01/2011;14.03;11.33;2,7
11/01/2011;14.06;11.37;2,69
12/01/2011;13.82;11.32;2,5
13/01/2011;13.95;11.36;2,59
14/01/2011;14.07;11.4;2,67
17/01/2011;14.1;11.4;2,7
18/01/2011;14.22;11.45;2,77
19/01/2011;14.1;11.43;2,67
20/01/2011;14.1;11.43;2,67
21/01/2011;14.1;11.43;2,67
24/01/2011;14.1;11.43;2,67
25/01/2011;14.1;11.43;2,67
26/01/2011;14.1;11.43;2,67
27/01/2011;14.1;11.43;2,67
28/01/2011;14.1;11.43;2,67
31/01/2011;14.1;11.43;2,67
1/02/2011;14.1;11.43;2,67
2/02/2011;14.1;11.43;2,67
3/02/2011;14.1;11.43;2,67
4/02/2011;14.1;11.43;2,67
4/02/2011;14.1;11.43;2,67
7/02/2011;14.1;11.43;2,67
8/02/2011;14.1;11.43;2,67
9/02/2011;14.3;11.45;2,85
10/02/2011;14.31;11.4;2,91
11/02/2011;14.52;11.47;3,05
14/02/2011;14.45;11.5;2,95
15/02/2011;14.3;11.4;2,9
16/02/2011;14.2;11.4;2,8
17/02/2011;14.25;11.5;2,75
18/02/2011;14.4;11.65;2,75
21/02/2011;14.68;11.75;2,93
22/02/2011;14.75;11.8;2,95
23/02/2011;14.65;11.8;2,85
24/02/2011;14.78;11.95;2,83
25/02/2011;14.72;11.95;2,77
28/02/2011;14.69;11.94;2,75
1/03/2011;14.72;11.95;2,77
2/03/2011;14.48;11.92;2,56
3/03/2011;14.57;11.8;2,77
4/03/2011;14.51;11.83;2,68
7/03/2011;14.85;11.97;2,88
8/03/2011;14.9;12;2,9
9/03/2011;14.99;12.05;2,94
10/03/2011;14.95;12;2,95
11/03/2011;14.96;12.03;2,93
14/03/2011;15.19;12.25;2,94
15/03/2011;16.1;13.2;2,9
16/03/2011;16.42;13.45;2,97
17/03/2011;16.13;13.15;2,98
18/03/2011;16.2;13.15;3,05
21/03/2011;16.03;13.16;2,87
22/03/2011;16.06;13.1;2,96
23/03/2011;16.2;13.14;3,06
24/03/2011;16.05;13.03;3,02
25/03/2011;16.04;12.98;3,06
28/03/2011;16.35;13.29;3,06
29/03/2011;16.37;13.22;3,15
31/03/2011;16.45;13.25;3,2
1/04/2011;16.36;13.3;3,06
4/04/2011;16.49;13.42;3,07
5/04/2011;16.48;13.4;3,08
6/04/2011;16.55;13.4;3,15
7/04/2011;16.45;13.29;3,16
8/04/2011;16.45;13.2;3,25
11/04/2011;16.19;12.99;3,2
12/04/2011;16.1;13.03;3,07
13/04/2011;16.15;13.03;3,12
14/04/2011;16.11;13.05;3,06
18/04/2011;16.09;12.95;3,14
19/04/2011;16.11;13.05;3,06
20/04/2011;16.2;13.21;2,99
21/04/2011;16.2;13.21;2,99
26/04/2011;16.12;13.1;3,02
27/04/2011;16.41;13.15;3,26
28/04/2011;16.4;13.2;3,2
29/04/2011;16.42;13.13;3,29
2/05/2011;16.47;13.13;3,34
3/05/2011;16.65;13.21;3,44
4/05/2011;16.6;13.22;3,38
5/05/2011;16.5;13.07;3,43
6/05/2011;16.56;13.21;3,35
9/05/2011;16.57;13.2;3,37
10/05/2011;16.56;13.17;3,39
11/05/2011;16.38;13.1;3,28
12/05/2011;16.35;12.88;3,47
13/05/2011;16.41;12.93;3,48
16/05/2011;16.35;12.9;3,45
17/05/2011;16.28;12.75;3,53
18/05/2011;16.2;12.64;3,56
19/05/2011;16.15;12.62;3,53
20/05/2011;16;12.44;3,56
23/05/2011;15.81;12.3;3,51
24/05/2011;15.93;12.35;3,58
25/05/2011;15.9;12.32;3,58
26/05/2011;15.97;12.41;3,56
27/05/2011;16.4;12.8;3,6
30/05/2011;16.8;13.12;3,68
31/05/2011;16.77;13.05;3,72
2/06/2011;16.43;12.53;3,9
3/06/2011;16.35;12.43;3,92
6/06/2011;16.52;12.63;3,89
6/06/2011;16.4;12.53;3,87
7/06/2011;16.32;12.38;3,94
8/06/2011;16.27;12.3;3,97
9/06/2011;16.25;12.33;3,92
10/06/2011;16.16;12.3;3,86
13/06/2011;16.24;12.32;3,92
14/06/2011;16.21;12.15;4,06
15/06/2011;15.94;12.07;3,87
16/06/2011;15.72;11.95;3,77
20/06/2011;14.92;11.8;3,12
21/06/2011;14.5;11;3,5
22/06/2011;14.42;11.14;3,28
23/06/2011;13.01;10.47;2,54
24/06/2011;12.07;10.47;1,6
27/06/2011;13.01;10.69;2,32
28/06/2011;13.46;10.85;2,61
29/06/2011;13.02;10.62;2,4
30/06/2011;13.32;10.92;2,4
1/07/2011;13.12;10.93;2,19
4/07/2011;13.1;10.94;2,16
5/07/2011;13.32;11.18;2,14
6/07/2011;12.91;10.9;2,01
7/07/2011;12.9;10.68;2,22
8/07/2011;12.35;10.53;1,82
11/07/2011;11.89;10.15;1,74
12/07/2011;12.12;10.2;1,92
13/07/2011;11.73;9.92;1,81
14/07/2011;12.02;10.07;1,95
15/07/2011;12.1;10.24;1,86
18/07/2011;12.03;9.95;2,08
19/07/2011;12.12;10.07;2,05
20/07/2011;12.57;10.02;2,55
21/07/2011;12.75;10.03;2,72
22/07/2011;12.72;10.05;2,67
25/07/2011;12.63;9.93;2,7
26/07/2011;12.69;10.01;2,68
27/07/2011;12.25;9.93;2,32
28/07/2011;12.35;9.66;2,69
29/07/2011;12.17;9.5;2,67
1/08/2011;11.8;9.55;2,25
2/08/2011;11.5;8.7;2,8
3/08/2011;11.38;9;2,38
4/08/2011;11.1;8.32;2,78
5/08/2011;10.65;7.73;2,92
8/08/2011;10.43;7.84;2,59
9/08/2011;10.92;8.07;2,85
10/08/2011;11.48;8.14;3,34
11/08/2011;12.03;8.81;3,22
12/08/2011;12.25;8.87;3,38
15/08/2011;12.27;8.96;3,31
16/08/2011;12.24;8.88;3,36
17/08/2011;12.54;9.08;3,46
18/08/2011;12.18;8.62;3,56
19/08/2011;12.24;8.73;3,51
22/08/2011;12.38;8.7;3,68
23/08/2011;12.57;9.1;3,47
24/08/2011;12.85;9.18;3,67
25/08/2011;12.78;9.11;3,67
26/08/2011;12.96;9.17;3,79
29/08/2011;13.02;9.3;3,72
30/08/2011;13.19;9.52;3,67
31/08/2011;12.85;9.11;3,74
1/09/2011;12.7;8.97;3,73
2/09/2011;12.48;8.6;3,88
5/09/2011;12.3;8.65;3,65
6/09/2011;11.91;8.54;3,37
7/09/2011;12.18;8.77;3,41
8/09/2011;12.05;8.5;3,55
9/09/2011;11.73;8.26;3,47
12/09/2011;11.8;8.43;3,37
13/09/2011;11.85;8.43;3,42
14/09/2011;11.88;8.47;3,41
15/09/2011;12.17;8.88;3,29
16/09/2011;12.04;8.77;3,27
19/09/2011;11.75;8.54;3,21
20/09/2011;11.8;8.36;3,44
21/09/2011;11.71;8.44;3,27
22/09/2011;11.09;8.16;2,93
23/09/2011;11.21;8.15;3,06
26/09/2011;10.8;8.02;2,78
27/09/2011;10.65;7.88;2,77
28/09/2011;10.33;7.7;2,63
29/09/2011;10.79;7.9;2,89
30/09/2011;10.52;7.98;2,54
3/10/2011;10.12;7.76;2,36
4/10/2011;9.98;7.77;2,21
5/10/2011;10.09;7.84;2,25
6/10/2011;10.28;8.01;2,27
7/10/2011;10.33;8.04;2,29
10/10/2011;10.59;8.1;2,49
11/10/2011;10.59;8.1;2,49
12/10/2011;10.6;7.89;2,71
13/10/2011;10.09;7.54;2,55
14/10/2011;10.16;7.33;2,83
17/10/2011;10.15;7.38;2,77
18/10/2011;10.08;7.34;2,74
19/10/2011;9.8;7.02;2,78
20/10/2011;10;6.94;3,06
21/10/2011;10.2;7.07;3,13
24/10/2011;10.26;7.1;3,16
25/10/2011;10.23;7.11;3,12
26/10/2011;10.09;7.11;2,98
27/10/2011;10.14;7.22;2,92
28/10/2011;10.24;7.07;3,17
31/10/2011;10.1;7;3,1
2/11/2011;9.45;6.53;2,92
3/11/2011;9.52;6.62;2,9
4/11/2011;9.3;6.59;2,71
7/11/2011;9.67;6.8;2,87
8/11/2011;10.08;7.05;3,03
9/11/2011;9.85;6.83;3,02
10/11/2011;9.8;6.85;2,95
11/11/2011;10.07;7.11;2,96
14/11/2011;10.05;7.01;3,04
15/11/2011;10.01;7.06;2,95
16/11/2011;9.85;6.97;2,88
17/11/2011;9.63;6.84;2,79
18/11/2011;9.31;6.7;2,61
21/11/2011;8.9;6.35;2,55
22/11/2011;9.05;6.5;2,55
23/11/2011;8.46;6.05;2,41
24/11/2011;7.8;5.92;1,88
25/11/2011;7.6;5.09;2,51
28/11/2011;7.95;5.64;2,31
29/11/2011;7.92;5.46;2,46
30/11/2011;7.8;5.73;2,07
1/12/2011;7.92;5.51;2,41
2/12/2011;7.81;5.47;2,34
5/12/2011;7.3;5.15;2,15
6/12/2011;7.27;5.15;2,12
7/12/2011;7.02;4.93;2,09
12/12/2011;7.39;5.15;2,24
13/12/2011;7.05;4.47;2,58
14/12/2011;6.5;3.97;2,53
15/12/2011;6.75;4.28;2,47
16/12/2011;6.75;4.49;2,26
19/12/2011;6.98;4.55;2,43
20/12/2011;8.4;5.55;2,85
21/12/2011;7.94;5.3;2,64
22/12/2011;7.71;4.78;2,93
23/12/2011;7.85;4.75;3,1
27/12/2011;7.82;5.05;2,77
28/12/2011;7.38;4.52;2,86
29/12/2011;6.88;4.39;2,49
30/12/2011;6.65;4.21;2,44
3/01/2012;6.25;3.8;2,45
4/01/2012;6.19;3.8;2,39
5/01/2012;6.28;3.65;2,63
9/01/2012;6.51;3.76;2,75
10/01/2012;6.79;3.98;2,81
11/01/2012;6.76;3.74;3,02
12/01/2012;6.82;3.96;2,86
13/01/2012;6.69;3.93;2,76
16/01/2012;6.38;3.52;2,86
17/01/2012;6.45;3.69;2,76
18/01/2012;6.6;3.77;2,83
19/01/2012;6.95;4.01;2,94
20/01/2012;6.78;3.85;2,93
23/01/2012;6.78;3.7;3,08
24/01/2012;7.09;4.03;3,06
25/01/2012;7.09;3.98;3,11
26/01/2012;7.4;4.03;3,37
27/01/2012;7.8;4.35;3,45
30/01/2012;7.52;3.97;3,55
31/01/2012;7.88;4.15;3,73
1/02/2012;8.15;4.3;3,85
2/02/2012;8.42;4.37;4,05
3/02/2012;8.25;4.2;4,05
6/02/2012;8.35;4.35;4
7/02/2012;8.37;4.35;4,02
8/02/2012;8.06;4.12;3,94
9/02/2012;7.88;3.97;3,91
10/02/2012;7.61;3.93;3,68
13/02/2012;7.37;3.81;3,56
14/02/2012;7.81;4.12;3,69
15/02/2012;7.85;4.35;3,5
16/02/2012;8.6;4.82;3,78
17/02/2012;8.86;5.03;3,83
20/02/2012;8.58;4.85;3,73
21/02/2012;8.85;5.03;3,82
22/02/2012;8.89;5.1;3,79
23/02/2012;8.53;4.81;3,72
24/02/2012;9.19;5.3;3,89
27/02/2012;9.29;5.37;3,92
28/02/2012;8.95;5.18;3,77
29/02/2012;8.35;4.77;3,58
1/03/2012;8.62;4.85;3,77
2/03/2012;8.78;4.86;3,92
5/03/2012;8.58;4.76;3,82
6/03/2012;8.25;4.48;3,77
7/03/2012;8.4;4.58;3,82
8/03/2012;8.25;4.5;3,75
9/03/2012;7.8;4.1;3,7
12/03/2012;7.59;4;3,59
13/03/2012;7.6;3.97;3,63
14/03/2012;7.85;4.1;3,75
15/03/2012;7.78;4.03;3,75
16/03/2012;7.65;4.06;3,59
19/03/2012;7.62;3.98;3,64
20/03/2012;6.99;3.75;3,24
21/03/2012;7.19;4.2;2,99
22/03/2012;6.7;4.1;2,6
23/03/2012;6.8;4.12;2,68
26/03/2012;6.7;3.96;2,74
27/03/2012;7.05;4.2;2,85
28/03/2012;6.9;4;2,9
29/03/2012;6.69;3.97;2,72
30/03/2012;6.74;3.81;2,93
2/04/2012;6.12;3.62;2,5
3/04/2012;6.28;3.63;2,65
4/04/2012;6.05;3.57;2,48
5/04/2012;6.6;3.84;2,76
10/04/2012;6.62;4.02;2,6
11/04/2012;6.81;4.12;2,69
12/04/2012;6.98;4.25;2,73
13/04/2012;7.1;4.3;2,8
16/04/2012;6.7;4.06;2,64
17/04/2012;7;4.28;2,72
18/04/2012;7.09;4.28;2,81
19/04/2012;7.19;4.25;2,94
20/04/2012;7.28;4.25;3,03
23/04/2012;7.08;4.2;2,88
24/04/2012;7.03;4.12;2,91
25/04/2012;7;4.08;2,92
26/04/2012;7.11;4.12;2,99
27/04/2012;7.24;4.15;3,09
30/04/2012;7.37;3.9;3,47
1/05/2012;7.39;4;3,39
2/05/2012;7.06;3.86;3,2
3/05/2012;6.99;3.78;3,21
4/05/2012;6.6;3.6;3
7/05/2012;6.59;3.58;3,01
8/05/2012;6.64;3.62;3,02
9/05/2012;6.68;3.7;2,98
10/05/2012;6.62;3.6;3,02
11/05/2012;6.67;3.7;2,97
14/05/2012;6.49;3.6;2,89
15/05/2012;6.4;3.6;2,8
16/05/2012;6.38;3.75;2,63
17/05/2012;6.33;3.66;2,67
18/05/2012;6.3;3.5;2,8
21/05/2012;6.58;3.58;3
22/05/2012;6.89;3.75;3,14
23/05/2012;6.54;3.6;2,94
24/05/2012;6.7;3.62;3,08
25/05/2012;6.73;3.6;3,13
28/05/2012;6.8;3.7;3,1
29/05/2012;6.51;3.52;2,99
30/05/2012;6.37;3.5;2,87
31/05/2012;6.2;3.45;2,75
1/06/2012;6.12;3.45;2,67
4/06/2012;6.31;3.45;2,86
5/06/2012;6.32;3.42;2,9
6/06/2012;6.3;3.4;2,9
7/06/2012;6.39;3.4;2,99
8/06/2012;6.5;3.5;3
11/06/2012;6.53;3.45;3,08
12/06/2012;6.59;3.4;3,19
13/06/2012;6.6;3.4;3,2
14/06/2012;6.79;3.55;3,24
15/06/2012;7.15;3.65;3,5
18/06/2012;7.28;3.82;3,46
19/06/2012;7.5;3.9;3,6
20/06/2012;7.4;3.9;3,5
21/06/2012;7.35;3.95;3,4
22/06/2012;8;4.15;3,85
25/06/2012;8.08;4.12;3,96
26/06/2012;7.85;4.05;3,8
27/06/2012;7.87;4.04;3,83
28/06/2012;7.88;4.04;3,84
29/06/2012;8.11;4.17;3,94
2/07/2012;7.98;4.16;3,82
3/07/2012;8.12;4.19;3,93
4/07/2012;8.15;4.22;3,93
5/07/2012;8.19;4.15;4,04
6/07/2012;7.96;3.98;3,98
9/07/2012;7.88;3.83;4,05
10/07/2012;7.84;3.8;4,04
11/07/2012;7.8;3.75;4,05
12/07/2012;7.6;3.45;4,15
13/07/2012;7.58;3.3;4,28
16/07/2012;7.53;3.33;4,2
17/07/2012;7.52;3.29;4,23
18/07/2012;7.03;3.05;3,98
19/07/2012;6.73;2.85;3,88
20/07/2012;7;3.15;3,85
23/07/2012;7.01;3.15;3,86
24/07/2012;7.09;3.15;3,94
25/07/2012;6.79;3;3,79
26/07/2012;6.69;2.89;3,8
27/07/2012;6.65;2.79;3,86
30/07/2012;6.57;2.65;3,92
31/07/2012;6.74;2.85;3,89
1/08/2012;6.89;2.87;4,02
2/08/2012;7;2.85;4,15
3/08/2012;7.05;3;4,05
6/08/2012;7.03;3;4,03
7/08/2012;7;3;4
8/08/2012;7.03;2.98;4,05
9/08/2012;7.02;2.95;4,07
10/08/2012;7.09;2.95;4,14
13/08/2012;7.4;3.1;4,3
14/08/2012;7.56;3.1;4,46
15/08/2012;7.38;2.9;4,48
16/08/2012;7.57;2.95;4,62
17/08/2012;7.6;2.9;4,7
20/08/2012;7.58;2.95;4,63
21/08/2012;7.85;2.87;4,98
22/08/2012;7.96;2.98;4,98
23/08/2012;8.08;3.12;4,96
24/08/2012;8.01;3.15;4,86
27/08/2012;8.03;3.02;5,01
28/08/2012;7.86;2.89;4,97
29/08/2012;7.66;2.85;4,81
30/08/2012;7.54;2.73;4,81
31/08/2012;7.99;2.82;5,17
3/09/2012;8.09;3.05;5,04
4/09/2012;8.08;2.98;5,1
5/09/2012;8.06;2.99;5,07
6/09/2012;8.15;2.6;5,55
7/09/2012;8.24;2.56;5,68
10/09/2012;7.8;2.35;5,45
11/09/2012;7.67;2.21;5,46
12/09/2012;7.84;2.26;5,58
13/09/2012;7.7;2.19;5,51
14/09/2012;7.35;1.74;5,61
17/09/2012;7.3;1.79;5,51
18/09/2012;7.4;1.7;5,7
19/09/2012;7.49;1.74;5,75
20/09/2012;7.5;1.87;5,63
21/09/2012;7.41;1.92;5,49
24/09/2012;7.23;2;5,23
25/09/2012;7.35;2.08;5,27
26/09/2012;7.49;2.16;5,33
27/09/2012;7.69;2.4;5,29
28/09/2012;7.7;2.22;5,48
1/10/2012;7.75;2.36;5,39
2/10/2012;7.81;2.2;5,61
3/10/2012;7.55;1.9;5,65
4/10/2012;7.65;2.13;5,52
5/10/2012;7.82;2;5,82
8/10/2012;7.85;2;5,85
9/10/2012;7.82;1.91;5,91
10/10/2012;7.71;1.8;5,91
11/10/2012;7.79;1.89;5,9
12/10/2012;7.86;1.95;5,91
15/10/2012;7.62;1.68;5,94
16/10/2012;7.83;1.67;6,16
17/10/2012;8.16;1.63;6,53
18/10/2012;8;1.66;6,34
19/10/2012;7.91;1.35;6,56
22/10/2012;7.89;1.35;6,54
23/10/2012;7.78;1.05;6,73
24/10/2012;7.65;1.05;6,6
25/10/2012;7.64;0.99;6,65
26/10/2012;7.81;1.07;6,74
29/10/2012;8.02;1.11;6,91
30/10/2012;8.07;1.12;6,95
31/10/2012;8.12;1.23;6,89
1/11/2012;8.01;1.16;6,85
2/11/2012;8.1;1.25;6,85
5/11/2012;8.2;1.3;6,9
6/11/2012;8.28;1.23;7,05
7/11/2012;8.15;1.1;7,05
8/11/2012;8.17;1.17;7
9/11/2012;8.25;1.17;7,08
12/11/2012;8.95;1.18;7,77
13/11/2012;8.29;1.12;7,17
14/11/2012;7.85;1;6,85
15/11/2012;7.19;1;6,19
16/11/2012;6.9;0.93;5,97
19/11/2012;6.63;0.92;5,71
20/11/2012;6.64;0.9;5,74
21/11/2012;6.69;0.94;5,75
22/11/2012;6.78;0.97;5,81
23/11/2012;7.01;0.95;6,06
26/11/2012;6.85;0.88;5,97
27/11/2012;6.86;0.81;6,05
28/11/2012;6.84;0.75;6,09
29/11/2012;6.65;0.79;5,86
30/11/2012;6.22;0.75;5,47
3/12/2012;6.02;0.75;5,27
4/12/2012;5.73;0.68;5,05
5/12/2012;6.14;0.75;5,39
6/12/2012;6.36;0.8;5,56
7/12/2012;6.73;0.65;6,08
10/12/2012;7.04;0.7;6,34
11/12/2012;6.8;0.6;6,2
12/12/2012;6.75;0.54;6,21
13/12/2012;6.7;0.48;6,22
14/12/2012;6.56;0.37;6,19
17/12/2012;6.41;0.39;6,02
18/12/2012;6.69;0.3;6,39
19/12/2012;6.9;0.29;6,61
20/12/2012;7.05;0.3;6,75
21/12/2012;6.95;0.25;6,7
24/12/2012;6.92;0.26;6,66
26/12/2012;6.85;0.23;6,62
27/12/2012;6.87;0.25;6,62
28/12/2012;6.4;0.2;6,2
2/01/2013;6.2;0.18;6,02
3/01/2013;6.13;0.17;5,96
4/01/2013;6.2;0.22;5,98
7/01/2013;6.43;0.23;6,2
8/01/2013;6.27;0.25;6,02
9/01/2013;6.02;0.25;5,77
10/01/2013;5.9;0.25;5,65
11/01/2013;5.73;0.22;5,51
14/01/2013;5.71;0.15;5,56
15/01/2013;5.92;0.21;5,71
16/01/2013;5.5;0.15;5,35
17/01/2013;5.41;0.1;5,31
18/01/2013;4.96;0.15;4,81
21/01/2013;4.81;0.16;4,65
22/01/2013;5.27;0.17;5,1
23/01/2013;4.52;0.11;4,41
24/01/2013;4.2;0.15;4,05
25/01/2013;4.01;0.15;3,86
28/01/2013;4.02;0.17;3,85
29/01/2013;3.95;0.17;3,78
30/01/2013;3.71;0.18;3,53
31/01/2013;3.32;0.14;3,18
1/02/2013;4.02;0.13;3,89
4/02/2013;4.05;0.12;3,93
5/02/2013;4.12;0.17;3,95
6/02/2013;4.02;0.15;3,87
7/02/2013;4.07;0.17;3,9
8/02/2013;4.4;0.18;4,22
11/02/2013;4.36;0.16;4,2
12/02/2013;4.47;0.16;4,31
13/02/2013;5.1;0.18;4,92
14/02/2013;5.12;0.15;4,97
15/02/2013;5.08;0.15;4,93
18/02/2013;4.99;0.17;4,82
19/02/2013;4.6;0.15;4,45
20/02/2013;4.88;0.17;4,71
21/02/2013;5.18;0.19;4,99
22/02/2013;5.07;0.15;4,92
25/02/2013;4.52;0.15;4,37
26/02/2013;4.2;0.17;4,03
27/02/2013;4.37;0.33;4,04
28/02/2013;4.8;0.29;4,51
1/03/2013;4.55;0.26;4,29
4/03/2013;4.56;0.2;4,36
5/03/2013;4.17;0.22;3,95
6/03/2013;4.22;0.2;4,02
7/03/2013;4.19;0.2;3,99
8/03/2013;4.16;0.22;3,94
11/03/2013;3.93;0.21;3,72
12/03/2013;3.67;0.19;3,48
13/03/2013;3.45;0.17;3,28
14/03/2013;3.6;0.2;3,4
15/03/2013;3.71;0.17;3,54
18/03/2013;3.49;0.19;3,3
19/03/2013;3.46;0.15;3,31
20/03/2013;3.92;0.19;3,73
21/03/2013;4.34;0.21;4,13
22/03/2013;4.08;0.17;3,91
25/03/2013;4.39;0.18;4,21
26/03/2013;4.56;0.14;4,42
27/03/2013;4.85;0.11;4,74
28/03/2013;4.7;0.09;4,61
2/04/2013;4.88;0.08;4,8
3/04/2013;4.83;0.08;4,75
4/04/2013;4.95;0.1;4,85
5/04/2013;5.1;0.09;5,01
8/04/2013;5.16;0.1;5,06
9/04/2013;4.68;0.1;4,58
10/04/2013;4.25;0.11;4,14
11/04/2013;4.33;0.13;4,2
12/04/2013;4.69;0.12;4,57
15/04/2013;4.73;0.11;4,62
16/04/2013;3.1;0.13;2,97
17/04/2013;2.7;0.12;2,58
18/04/2013;3.04;0.12;2,92
19/04/2013;3.11;0.11;3
22/04/2013;2.8;0.08;2,72
23/04/2013;3.05;0.08;2,97
24/04/2013;3.06;0.1;2,96
25/04/2013;3.02;0.07;2,95
26/04/2013;3.05;0.08;2,97
29/04/2013;3.28;0.08;3,2
30/04/2013;2.9;0.07;2,83
1/05/2013;2.88;0.35;2,53
2/05/2013;3.03;0.3;2,73
3/05/2013;3.76;0.4;3,36
6/05/2013;3.85;0.35;3,5
7/05/2013;3.63;0.34;3,29
8/05/2013;3.46;0.34;3,12
9/05/2013;3.74;0.42;3,32
10/05/2013;3.32;0.39;2,93
13/05/2013;3.23;0.41;2,82
14/05/2013;3.48;0.39;3,09
15/05/2013;3.57;0.4;3,17
16/05/2013;3.66;0.4;3,26
17/05/2013;3.49;0.38;3,11
20/05/2013;3.55;0.37;3,18
21/05/2013;3.5;0.39;3,11
22/05/2013;3.29;0.35;2,94
23/05/2013;3.35;0.35;3
24/05/2013;3.53;0.36;3,17
27/05/2013;3.47;0.38;3,09
28/05/2013;3.61;0.39;3,22
29/05/2013;3.7;0.39;3,31
30/05/2013;3.78;0.42;3,36
31/05/2013;3.95;0.42;3,53
3/06/2013;3.87;0.43;3,44
4/06/2013;3.92;0.42;3,5
5/06/2013;3.9;0.4;3,5
6/06/2013;3.96;0.4;3,56
7/06/2013;4.07;0.42;3,65
10/06/2013;4.02;0.42;3,6
11/06/2013;4.16;0.42;3,74
12/06/2013;4.46;0.44;4,02
13/06/2013;4.38;0.46;3,92
14/06/2013;4.7;0.48;4,22
17/06/2013;4.56;0.48;4,08
18/06/2013;4.64;0.47;4,17
19/06/2013;4.32;0.48;3,84
20/06/2013;4.36;0.5;3,86
21/06/2013;4.34;0.48;3,86
24/06/2013;4.12;0.49;3,63
25/06/2013;4.25;0.49;3,76
26/06/2013;4.39;0.48;3,91
27/06/2013;4.4;0.49;3,91
28/06/2013;4.1;0.52;3,58
1/07/2013;4.22;0.55;3,67
2/07/2013;4.25;0.52;3,73
3/07/2013;4.65;0.58;4,07
4/07/2013;4.52;0.55;3,97
5/07/2013;4.26;0.53;3,73
8/07/2013;4.2;0.55;3,65
9/07/2013;4.12;0.52;3,6
10/07/2013;4.02;0.6;3,42
11/07/2013;4.02;0.6;3,42
12/07/2013;4.01;0.61;3,4
15/07/2013;4.02;0.56;3,46
16/07/2013;4.09;0.56;3,53
17/07/2013;4.09;0.57;3,52
18/07/2013;4.08;0.52;3,56
19/07/2013;4.15;0.52;3,63
22/07/2013;4.17;0.53;3,64
23/07/2013;4.23;0.55;3,68
24/07/2013;4.27;0.58;3,69
25/07/2013;4.28;0.58;3,7
26/07/2013;4.33;0.56;3,77
29/07/2013;4.3;0.57;3,73
30/07/2013;4.25;0.57;3,68
31/07/2013;4.3;0.57;3,73
1/08/2013;4.32;0.6;3,72
2/08/2013;4.37;0.57;3,8
5/08/2013;4.4;0.64;3,76
6/08/2013;4.47;0.66;3,81
7/08/2013;4.43;0.61;3,82
8/08/2013;4.48;0.62;3,86
9/08/2013;4.43;0.64;3,79
12/08/2013;4.33;0.64;3,69
13/08/2013;4.24;0.65;3,59
14/08/2013;4.33;0.62;3,71
16/08/2013;4.34;0.61;3,73
19/08/2013;4.29;0.62;3,67
20/08/2013;4.24;0.62;3,62
21/08/2013;4.28;0.6;3,68
22/08/2013;4.45;0.6;3,85
23/08/2013;4.38;0.6;3,78
26/08/2013;4.37;0.62;3,75
27/08/2013;4.48;0.61;3,87
28/08/2013;4.49;0.6;3,89
29/08/2013;4.51;0.6;3,91
30/08/2013;4.51;0.62;3,89
2/09/2013;4.45;0.62;3,83
3/09/2013;4.4;0.6;3,8
4/09/2013;4.55;0.58;3,97
5/09/2013;4.95;0.59;4,36
6/09/2013;5.28;0.6;4,68
9/09/2013;5.3;0.62;4,68
10/09/2013;5.1;0.62;4,48
11/09/2013;5.22;0.63;4,59
12/09/2013;5.6;0.65;4,95
13/09/2013;5.38;0.68;4,7
16/09/2013;5.44;0.7;4,74
17/09/2013;5.61;0.72;4,89
18/09/2013;5.51;0.72;4,79
19/09/2013;5.36;0.7;4,66
20/09/2013;5.36;0.71;4,65
23/09/2013;5.4;0.7;4,7
24/09/2013;5.37;0.69;4,68
25/09/2013;5.38;0.68;4,7
26/09/2013;5.42;0.69;4,73
27/09/2013;5.38;0.64;4,74
30/09/2013;5.02;0.66;4,36
1/10/2013;5.12;0.65;4,47
2/10/2013;5.27;0.68;4,59
3/10/2013;5.2;0.68;4,52
4/10/2013;5.08;0.69;4,39
7/10/2013;4.98;0.66;4,32
8/10/2013;4.86;0.62;4,24
9/10/2013;4.79;0.6;4,19
10/10/2013;4.75;0.55;4,2
11/10/2013;4.6;0.62;3,98
14/10/2013;4.8;0.53;4,27
15/10/2013;4.95;0.48;4,47
16/10/2013;5.3;0.56;4,74
17/10/2013;5.15;0.54;4,61
18/10/2013;5.11;0.6;4,51
21/10/2013;4.56;0.55;4,01
22/10/2013;4.68;0.51;4,17
23/10/2013;4.6;0.5;4,1
24/10/2013;4.65;0.53;4,12
25/10/2013;4.96;0.55;4,41
28/10/2013;4.8;0.55;4,25
29/10/2013;5.04;0.54;4,5
30/10/2013;4.92;0.51;4,41
31/10/2013;4.76;0.5;4,26
1/11/2013;4.6;0.5;4,1
4/11/2013;4.55;0.49;4,06
5/11/2013;4.76;0.49;4,27
6/11/2013;4.77;0.51;4,26
7/11/2013;4.78;0.54;4,24
8/11/2013;4.46;0.51;3,95
11/11/2013;4.58;0.49;4,09
12/11/2013;4.65;0.5;4,15
13/11/2013;4.64;0.52;4,12
14/11/2013;4.58;0.49;4,09
15/11/2013;4.47;0.42;4,05
18/11/2013;4.32;0.33;3,99
19/11/2013;4.41;0.38;4,03
20/11/2013;4.48;0.34;4,14
21/11/2013;4.4;0.33;4,07
22/11/2013;4.42;0.35;4,07
25/11/2013;4.38;0.34;4,04
26/11/2013;4.46;0.33;4,13
27/11/2013;4.45;0.33;4,12
28/11/2013;4.42;0.33;4,09
29/11/2013;4.35;0.31;4,04
2/12/2013;4.48;0.32;4,16
3/12/2013;4.5;0.33;4,17
4/12/2013;4.46;0.33;4,13
5/12/2013;4.65;0.32;4,33
6/12/2013;4.79;0.35;4,44
9/12/2013;4.89;0.35;4,54
10/12/2013;4.98;0.4;4,58
11/12/2013;4.86;0.41;4,45
12/12/2013;4.91;0.41;4,5
13/12/2013;4.76;0.41;4,35
16/12/2013;4.65;0.42;4,23
17/12/2013;4.89;0.41;4,48
18/12/2013;4.87;0.4;4,47
19/12/2013;4.9;0.38;4,52
20/12/2013;4.75;0.36;4,39
23/12/2013;4.76;0.34;4,42
24/12/2013;4.88;0.33;4,55
27/12/2013;4.91;0.34;4,57
30/12/2013;4.88;0.32;4,56
2/01/2014;4.72;0.32;4,4
3/01/2014;4.68;0.31;4,37
6/01/2014;4.63;0.33;4,3
7/01/2014;4.67;0.35;4,32
8/01/2014;4.58;0.38;4,2
9/01/2014;4.49;0.35;4,14
10/01/2014;4.51;0.35;4,16
13/01/2014;4.6;0.36;4,24
14/01/2014;4.8;0.35;4,45
15/01/2014;4.81;0.38;4,43
16/01/2014;5.06;0.42;4,64
17/01/2014;5.06;0.41;4,65
20/01/2014;4.9;0.4;4,5
21/01/2014;5.02;0.4;4,62
22/01/2014;5.09;0.41;4,68
23/01/2014;5.01;0.4;4,61
24/01/2014;5.24;0.42;4,82
27/01/2014;5.38;0.42;4,96
28/01/2014;5.51;0.44;5,07
29/01/2014;5.48;0.43;5,05
30/01/2014;5.68;0.44;5,24
31/01/2014;5.49;0.45;5,04
3/02/2014;5.81;0.44;5,37
4/02/2014;5.82;0.45;5,37
5/02/2014;6.02;0.45;5,57
6/02/2014;6.39;0.44;5,95
7/02/2014;6.4;0.41;5,99
10/02/2014;6.38;0.41;5,97
11/02/2014;6.25;0.4;5,85
12/02/2014;6.32;0.38;5,94
13/02/2014;6.37;0.37;6
14/02/2014;6.55;0.4;6,15
17/02/2014;6.75;0.38;6,37
18/02/2014;6.73;0.38;6,35
19/02/2014;6.9;0.36;6,54
20/02/2014;6.97;0.36;6,61
21/02/2014;7.12;0.34;6,78
24/02/2014;6.98;0.33;6,65
25/02/2014;6.2;0.3;5,9
26/02/2014;6.48;0.3;6,18
27/02/2014;6.5;0.31;6,19
28/02/2014;7.05;0.3;6,75
3/03/2014;6.6;0.3;6,3
4/03/2014;6.8;0.29;6,51
5/03/2014;6.77;0.27;6,5
6/03/2014;6.78;0.28;6,5
7/03/2014;6.9;0.27;6,63
10/03/2014;6.88;0.19;6,69
11/03/2014;6.8;0.24;6,56
12/03/2014;6.51;0.2;6,31
13/03/2014;6.43;0.18;6,25
14/03/2014;6.3;0.23;6,07
17/03/2014;5.86;0.17;5,69
18/03/2014;5.75;0.17;5,58
19/03/2014;5.96;0.12;5,84
20/03/2014;6.02;0.16;5,86
21/03/2014;6.15;0.21;5,94
24/03/2014;5.85;0.18;5,67
25/03/2014;5.85;0.17;5,68
26/03/2014;5.78;0.17;5,61
27/03/2014;5.19;0.17;5,02
28/03/2014;4.33;0.17;4,16
31/03/2014;4.65;0.19;4,46
1/04/2014;5.03;0.18;4,85
2/04/2014;4.8;0.17;4,63
3/04/2014;4.84;0.18;4,66
4/04/2014;4.65;0.17;4,48
7/04/2014;4.97;0.18;4,79
8/04/2014;4.83;0.18;4,65
9/04/2014;4.93;0.18;4,75
10/04/2014;5.11;0.18;4,93
11/04/2014;5.3;0.18;5,12
14/04/2014;5.23;0.18;5,05
15/04/2014;5.52;0.19;5,33
16/04/2014;5.55;0.17;5,38
17/04/2014;5.54;0.17;5,37
21/04/2014;5.53;0.18;5,35
22/04/2014;5.66;0.18;5,48
23/04/2014;5.65;0.17;5,48
24/04/2014;5.71;0.18;5,53
25/04/2014;5.06;0.18;4,88
28/04/2014;5.2;0.16;5,04
29/04/2014;5.39;0.16;5,23
30/04/2014;5.4;0.15;5,25
2/05/2014;5.17;0.16;5,01
5/05/2014;5.21;0.15;5,06
6/05/2014;5.22;0.15;5,07
7/05/2014;5.12;0.15;4,97
8/05/2014;5.13;0.14;4,99
9/05/2014;5.23;0.14;5,09
12/05/2014;5.3;0.13;5,17
13/05/2014;5.25;0.16;5,09
14/05/2014;5.09;0.14;4,95
15/05/2014;4.69;0.13;4,56
16/05/2014;4.76;0.14;4,62
19/05/2014;4.7;0.14;4,56
20/05/2014;4.85;0.12;4,73
21/05/2014;5.09;0.13;4,96
22/05/2014;5.17;0.12;5,05
23/05/2014;5.12;0.1;5,02
26/05/2014;5.07;0.1;4,97
27/05/2014;5.16;0.11;5,05
28/05/2014;5.2;0.12;5,08
29/05/2014;5.16;0.13;5,03
30/05/2014;5.05;0.12;4,93
2/06/2014;5.15;0.1;5,05
3/06/2014;5.41;0.11;5,3
4/06/2014;5.39;0.1;5,29
5/06/2014;5.5;0.13;5,37
6/06/2014;5.41;0.14;5,27
9/06/2014;5.53;0.1;5,43
10/06/2014;5.48;0.11;5,37
11/06/2014;5.35;0.12;5,23
12/06/2014;5.54;0.14;5,4
13/06/2014;5.61;0.15;5,46
16/06/2014;5.63;0.15;5,48
17/06/2014;5.7;0.15;5,55
18/06/2014;5.64;0.15;5,49
19/06/2014;5.55;0.15;5,4
20/06/2014;5.65;0.16;5,49
23/06/2014;5.79;0.17;5,62
24/06/2014;5.75;0.16;5,59
25/06/2014;5.7;0.17;5,53
26/06/2014;5.71;0.16;5,55
27/06/2014;5.77;0.16;5,61
30/06/2014;5.81;0.16;5,65
1/07/2014;5.97;0.18;5,79
2/07/2014;6.03;0.18;5,85
3/07/2014;5.97;0.18;5,79
4/07/2014;5.63;0.18;5,45
7/07/2014;5.54;0.18;5,36
8/07/2014;5.74;0.18;5,56
9/07/2014;5.79;0.17;5,62
10/07/2014;5.67;0.16;5,51
11/07/2014;5.71;0.16;5,55
14/07/2014;5.85;0.15;5,7
15/07/2014;5.91;0.16;5,75
16/07/2014;6.02;0.16;5,86
17/07/2014;6.13;0.17;5,96
18/07/2014;5.97;0.17;5,8
21/07/2014;6.02;0.18;5,84
22/07/2014;6.07;0.17;5,9
23/07/2014;6.05;0.18;5,87
24/07/2014;5.99;0.17;5,82
25/07/2014;6.04;0.18;5,86
28/07/2014;6.13;0.17;5,96
29/07/2014;5.98;0.17;5,81
30/07/2014;6.1;0.18;5,92
31/07/2014;6.15;0.17;5,98
1/08/2014;6.22;0.18;6,04
4/08/2014;6.2;0.18;6,02
5/08/2014;6.16;0.17;5,99
6/08/2014;6.18;0.17;6,01
7/08/2014;5.91;0.16;5,75
8/08/2014;5.94;0.18;5,76
11/08/2014;6.08;0.17;5,91
12/08/2014;6.05;0.18;5,87
13/08/2014;6.19;0.18;6,01
14/08/2014;6.2;0.18;6,02
15/08/2014;6.36;0.15;6,21
18/08/2014;6.32;0.16;6,16
19/08/2014;6.39;0.17;6,22
20/08/2014;6.39;0.18;6,21
21/08/2014;6.3;0.17;6,13
22/08/2014;6.35;0.17;6,18
25/08/2014;6.31;0.17;6,14
26/08/2014;6.29;0.17;6,12
27/08/2014;6.3;0.17;6,13
28/08/2014;6.38;0.18;6,2
29/08/2014;6.38;0.16;6,22
1/09/2014;6.35;0.17;6,18
2/09/2014;6.38;0.16;6,22
3/09/2014;6.28;0.17;6,11
4/09/2014;6.11;0.16;5,95
5/09/2014;6.26;0.15;6,11
8/09/2014;6.25;0.16;6,09
9/09/2014;6.11;0.16;5,95
10/09/2014;6.05;0.16;5,89
11/09/2014;6.08;0.15;5,93
12/09/2014;6.02;0.16;5,86
15/09/2014;5.91;0.15;5,76
16/09/2014;5.8;0.15;5,65
17/09/2014;5.87;0.15;5,72
18/09/2014;5.97;0.14;5,83
19/09/2014;6.01;0.14;5,87
22/09/2014;5.98;0.14;5,84
23/09/2014;5.66;0.14;5,52
24/09/2014;5.77;0.14;5,63
25/09/2014;5.8;0.14;5,66
26/09/2014;5.89;0.13;5,76
29/09/2014;5.76;0.13;5,63
30/09/2014;5.84;0.12;5,72
1/10/2014;5.82;0.12;5,7
2/10/2014;5.66;0.12;5,54
3/10/2014;5.68;0.12;5,56
6/10/2014;5.63;0.12;5,51
7/10/2014;5.71;0.12;5,59
8/10/2014;6.02;0.12;5,9
9/10/2014;6.08;0.11;5,97
10/10/2014;6.02;0.1;5,92
13/10/2014;6.03;0.1;5,93
14/10/2014;6.04;0.08;5,96
15/10/2014;6.14;0.1;6,04
16/10/2014;6.17;0.08;6,09
17/10/2014;6.11;0.07;6,04
20/10/2014;6.12;0.08;6,04
21/10/2014;6.14;0.07;6,07
22/10/2014;6.2;0.07;6,13
23/10/2014;6.3;0.07;6,23
24/10/2014;6.37;0.08;6,29
27/10/2014;6.26;0.08;6,18
28/10/2014;6.14;0.07;6,07
29/10/2014;6.4;0.09;6,31
30/10/2014;6.38;0.1;6,28
31/10/2014;6.33;0.1;6,23
3/11/2014;6.49;0.1;6,39
4/11/2014;6.46;0.1;6,36
5/11/2014;6.64;0.09;6,55
6/11/2014;6.59;0.09;6,5
7/11/2014;6.75;0.08;6,67
10/11/2014;6.71;0.09;6,62
11/11/2014;6.78;0.09;6,69
12/11/2014;6.81;0.09;6,72
13/11/2014;6.78;0.09;6,69
14/11/2014;6.6;0.09;6,51
17/11/2014;6.87;0.09;6,78
18/11/2014;7.01;0.09;6,92
19/11/2014;7.02;0.08;6,94
20/11/2014;6.91;0.09;6,82
21/11/2014;6.98;0.09;6,89
24/11/2014;7.03;0.08;6,95
25/11/2014;7.1;0.09;7,01
26/11/2014;7.15;0.08;7,07
27/11/2014;7.05;0.08;6,97
28/11/2014;7.03;0.06;6,97
1/12/2014;7.05;0.05;7
2/12/2014;6.85;0.05;6,8
3/12/2014;6.89;0.04;6,85
4/12/2014;6.84;0.05;6,79
5/12/2014;6.67;0.04;6,63
8/12/2014;6.66;0.03;6,63
9/12/2014;6.74;0.03;6,71
10/12/2014;6.62;0.03;6,59
11/12/2014;6.76;0.03;6,73
12/12/2014;6.66;0.03;6,63
15/12/2014;6.88;0.04;6,84
16/12/2014;6.92;0.04;6,88
17/12/2014;6.97;0.05;6,92
18/12/2014;7.02;0.05;6,97
19/12/2014;7.05;0.05;7
22/12/2014;7.06;0.05;7,01
23/12/2014;7.19;0.04;7,15
24/12/2014;7.36;0.05;7,31
26/12/2014;7.36;0.05;7,31
29/12/2014;7.24;0.04;7,2
30/12/2014;7.2;0.02;7,18
2/01/2015;6.99;0.02;6,97
5/01/2015;6.89;0.02;6,87
6/01/2015;6.76;0.02;6,74
7/01/2015;6.79;0.03;6,76
8/01/2015;6.76;0.02;6,74
9/01/2015;6.71;0.03;6,68
12/01/2015;6.7;0.03;6,67
13/01/2015;7.3;0.04;7,26
14/01/2015;7.16;0.03;7,13
15/01/2015;7.13;0.03;7,1
16/01/2015;7.14;0.03;7,11
19/01/2015;7.21;0.03;7,18
20/01/2015;7.13;0.03;7,1
21/01/2015;7.3;0.03;7,27
22/01/2015;6.77;0.04;6,73
23/01/2015;6.82;0.03;6,79
26/01/2015;6.84;0.04;6,8
27/01/2015;6.83;0.03;6,8
28/01/2015;6.96;0.03;6,93
29/01/2015;7.04;0.03;7,01
30/01/2015;7.05;0.03;7,02
2/02/2015;7.11;0.03;7,08
3/02/2015;7.05;0.03;7,02
4/02/2015;6.92;0.03;6,89
5/02/2015;6.97;0.03;6,94
6/02/2015;6.95;0.03;6,92
9/02/2015;6.91;0.03;6,88
10/02/2015;7.12;0.04;7,08
11/02/2015;7.23;0.03;7,2
12/02/2015;7.37;0.03;7,34
13/02/2015;7.63;0.03;7,6
16/02/2015;7.65;0.03;7,62
17/02/2015;7.48;0.03;7,45
18/02/2015;7.49;0.03;7,46
19/02/2015;7.31;0.03;7,28
20/02/2015;7.3;0.03;7,27
23/02/2015;7.72;0.03;7,69
24/02/2015;7.45;0.03;7,42
25/02/2015;7.37;0.03;7,34
26/02/2015;7.06;0.03;7,03
27/02/2015;7.11;0.03;7,08
2/03/2015;6.94;0.03;6,91
3/03/2015;6.73;0.03;6,7
4/03/2015;7.02;0.03;6,99
5/03/2015;6.74;0.03;6,71
6/03/2015;6.81;0.03;6,78
9/03/2015;6.7;0.03;6,67
10/03/2015;6.83;0.03;6,8
11/03/2015;6.76;0.03;6,73
12/03/2015;6.43;0.03;6,4
13/03/2015;6.45;0.03;6,42
16/03/2015;6.48;0.02;6,46
17/03/2015;6.73;0.02;6,71
18/03/2015;6.73;0.03;6,7
19/03/2015;6.67;0.02;6,65
20/03/2015;7.02;0.03;6,99
23/03/2015;7.02;0.02;7
24/03/2015;7.03;0.02;7,01
25/03/2015;6.96;0.02;6,94
26/03/2015;6.93;0.03;6,9
27/03/2015;6.78;0.03;6,75
30/03/2015;6.88;0.02;6,86
31/03/2015;6.93;0.01;6,92
1/04/2015;7.15;0.44;6,71
2/04/2015;7.15;0.44;6,71
7/04/2015;7.11;0.47;6,64
8/04/2015;7.12;0.47;6,65
9/04/2015;7.02;0.53;6,49
10/04/2015;6.98;0.55;6,43
13/04/2015;6.81;0.53;6,28
14/04/2015;6.8;0.52;6,28
15/04/2015;6.85;0.54;6,31
16/04/2015;6.87;0.56;6,31
17/04/2015;6.83;0.55;6,28
20/04/2015;7.12;0.52;6,6
21/04/2015;7.08;0.53;6,55
22/04/2015;7.09;0.52;6,57
23/04/2015;7.26;0.52;6,74
24/04/2015;7.28;0.51;6,77
27/04/2015;7.15;0.51;6,64
28/04/2015;7.35;0.5;6,85
29/04/2015;7.43;0.51;6,92
30/04/2015;7.39;0.5;6,89
1/05/2015;7.48;0.49;6,99
4/05/2015;7.56;0.5;7,06
5/05/2015;7.53;0.49;7,04
6/05/2015;7.54;0.48;7,06
7/05/2015;7.43;0.46;6,97
8/05/2015;7.5;0.45;7,05
11/05/2015;7.62;0.45;7,17
12/05/2015;7.58;0.46;7,12
13/05/2015;7.65;0.47;7,18
14/05/2015;7.55;0.46;7,09
15/05/2015;7.59;0.46;7,13
18/05/2015;7.54;0.47;7,07
19/05/2015;7.32;0.45;6,87
20/05/2015;7.34;0.49;6,85
21/05/2015;7.29;0.47;6,82
22/05/2015;7.29;0.45;6,84
25/05/2015;7.36;0.45;6,91
26/05/2015;7.23;0.45;6,78
27/05/2015;7.2;0.44;6,76
28/05/2015;7.18;0.43;6,75
29/05/2015;7.31;0.47;6,84
1/06/2015;7.25;0.42;6,83
2/06/2015;7.41;0.43;6,98
3/06/2015;7.48;0.43;7,05
4/06/2015;7.4;0.43;6,97
5/06/2015;7.39;0.43;6,96
8/06/2015;7.44;0.43;7,01
9/06/2015;7.57;0.42;7,15
10/06/2015;7.54;0.43;7,11
12/06/2015;7.5;0.41;7,09
15/06/2015;7.52;0.41;7,11
16/06/2015;7.41;0.4;7,01
17/06/2015;7.47;0.4;7,07
18/06/2015;7.45;0.4;7,05
19/06/2015;7.41;0.4;7,01
22/06/2015;7.47;0.41;7,06
23/06/2015;7.49;0.41;7,08
24/06/2015;7.48;0.41;7,07
25/06/2015;7.54;0.41;7,13
26/06/2015;7.51;0.41;7,1
29/06/2015;7.34;0.42;6,92
30/06/2015;7.42;0.42;7
1/07/2015;7.46;0.42;7,04
2/07/2015;7.45;0.44;7,01
3/07/2015;7.42;0.43;6,99
6/07/2015;7.32;0.43;6,89
7/07/2015;7.43;0.45;6,98
8/07/2015;7.43;0.45;6,98
9/07/2015;7.44;0.46;6,98
10/07/2015;7.59;0.46;7,13
13/07/2015;7.77;0.45;7,32
14/07/2015;7.71;0.45;7,26
15/07/2015;7.74;0.45;7,29
16/07/2015;7.64;0.45;7,19
17/07/2015;7.72;0.45;7,27
20/07/2015;7.96;0.45;7,51
21/07/2015;7.94;0.46;7,48
22/07/2015;7.92;0.46;7,46
23/07/2015;8.03;0.47;7,56
24/07/2015;7.99;0.47;7,52
27/07/2015;7.99;0.45;7,54
28/07/2015;7.97;0.48;7,49
29/07/2015;8.03;0.47;7,56
30/07/2015;7.86;0.46;7,4
31/07/2015;7.84;0.46;7,38
3/08/2015;7.93;0.47;7,46
4/08/2015;7.87;0.45;7,42
5/08/2015;7.82;0.44;7,38
6/08/2015;7.82;0.44;7,38
7/08/2015;7.76;0.45;7,31
10/08/2015;7.9;0.48;7,42
11/08/2015;8.07;0.48;7,59
12/08/2015;8.16;0.49;7,67
13/08/2015;8.17;0.49;7,68
14/08/2015;8.28;0.5;7,78
17/08/2015;8.22;0.49;7,73
18/08/2015;8.24;0.5;7,74
19/08/2015;8.31;0.49;7,82
20/08/2015;8.34;0.5;7,84
21/08/2015;8.18;0.49;7,69
24/08/2015;8.18;0.48;7,7
25/08/2015;8.23;0.5;7,73
26/08/2015;8.07;0.5;7,57
27/08/2015;8.01;0.52;7,49
28/08/2015;8.09;0.51;7,58
31/08/2015;8.03;0.5;7,53
1/09/2015;7.99;0.51;7,48
2/09/2015;8.09;0.52;7,57
3/09/2015;8.16;0.52;7,64
4/09/2015;8.06;0.52;7,54
7/09/2015;8.06;0.5;7,56
8/09/2015;8.2;0.51;7,69
9/09/2015;8.25;0.52;7,73
10/09/2015;8.25;0.5;7,75
11/09/2015;8.24;0.51;7,73
14/09/2015;8.22;0.5;7,72
15/09/2015;8.15;0.51;7,64
16/09/2015;8.21;0.5;7,71
17/09/2015;8.2;0.51;7,69
18/09/2015;8.09;0.5;7,59
21/09/2015;7.96;0.5;7,46
22/09/2015;7.99;0.5;7,49
23/09/2015;8.05;0.5;7,55
24/09/2015;7.99;0.51;7,48
25/09/2015;7.99;0.51;7,48
28/09/2015;7.91;0.51;7,4
29/09/2015;7.95;0.51;7,44
30/09/2015;8.13;0.5;7,63
1/10/2015;8.15;0.53;7,62
2/10/2015;8.12;0.55;7,57
5/10/2015;8.18;0.62;7,56
6/10/2015;8.18;0.62;7,56
7/10/2015;8.08;0.64;7,44
8/10/2015;8.11;0.61;7,5
9/10/2015;8.32;0.61;7,71
12/10/2015;8.28;0.6;7,68
13/10/2015;8.31;0.58;7,73
14/10/2015;8.41;0.58;7,83
15/10/2015;8.38;0.58;7,8
16/10/2015;8.35;0.58;7,77
19/10/2015;8.32;0.59;7,73
20/10/2015;8.44;0.59;7,85
21/10/2015;8.41;0.6;7,81
22/10/2015;8.43;0.6;7,83
23/10/2015;8.6;0.59;8,01
26/10/2015;8.62;0.59;8,03
27/10/2015;8.59;0.6;7,99
28/10/2015;8.55;0.6;7,95
29/10/2015;8.64;0.61;8,03
30/10/2015;8.63;0.63;8
2/11/2015;8.59;0.64;7,95
3/11/2015;8.44;0.64;7,8
4/11/2015;8.39;0.62;7,77
5/11/2015;8.46;0.62;7,84
6/11/2015;8.4;0.63;7,77
9/11/2015;8.31;0.63;7,68
10/11/2015;8.43;0.64;7,79
11/11/2015;8.44;0.64;7,8
12/11/2015;8.37;0.65;7,72
13/11/2015;8.39;0.65;7,74
16/11/2015;8.53;0.65;7,88
17/11/2015;8.59;0.65;7,94
18/11/2015;8.56;0.66;7,9
19/11/2015;8.62;0.66;7,96
20/11/2015;8.5;0.66;7,84
23/11/2015;8.56;0.66;7,9
24/11/2015;8.65;0.63;8,02
25/11/2015;8.62;0.6;8,02
26/11/2015;8.6;0.6;8
27/11/2015;8.61;0.59;8,02
30/11/2015;8.58;0.61;7,97
1/12/2015;8.56;0.6;7,96
2/12/2015;8.48;0.6;7,88
3/12/2015;8.59;0.59;8
4/12/2015;8.51;0.58;7,93
7/12/2015;8.41;0.59;7,82
8/12/2015;8.41;0.58;7,83
9/12/2015;8.4;0.56;7,84
10/12/2015;8.36;0.56;7,8
11/12/2015;8.09;0.53;7,56
14/12/2015;8.08;0.52;7,56
15/12/2015;8.2;0.54;7,66
16/12/2015;8.13;0.53;7,6
17/12/2015;8.09;0.54;7,55
18/12/2015;8.08;0.53;7,55
21/12/2015;8.16;0.54;7,62
22/12/2015;8.25;0.53;7,72
23/12/2015;8.22;0.53;7,69
28/12/2015;8.33;0.54;7,79
29/12/2015;8.27;0.53;7,74
30/12/2015;8.21;0.52;7,69
31/12/2015;8.23;0.54;7,69
4/01/2016;8.04;0.53;7,51
5/01/2016;8.01;0.53;7,48
6/01/2016;7.75;0.53;7,22
7/01/2016;7.55;0.53;7,02
8/01/2016;7.41;0.53;6,88
11/01/2016;7.15;0.52;6,63
12/01/2016;7.14;0.51;6,63
13/01/2016;7.24;0.53;6,71
14/01/2016;7.1;0.52;6,58
15/01/2016;6.68;0.43;6,25
18/01/2016;6.74;0.42;6,32
19/01/2016;6.82;0.44;6,38
20/01/2016;6.33;0.44;5,89
21/01/2016;6.17;0.43;5,74
22/01/2016;6.31;0.42;5,89
25/01/2016;5.9;0.41;5,49
26/01/2016;6.07;0.4;5,67
27/01/2016;5.91;0.4;5,51
28/01/2016;6.09;0.43;5,66
29/01/2016;6.03;0.43;5,6
1/02/2016;5.7;0.42;5,28
2/02/2016;5.82;0.39;5,43
3/02/2016;5.62;0.4;5,22
4/02/2016;5.61;0.4;5,21
5/02/2016;5.55;0.4;5,15
8/02/2016;5.23;0.39;4,84
9/02/2016;4.95;0.39;4,56
10/02/2016;4.88;0.39;4,49
11/02/2016;4.74;0.39;4,35
12/02/2016;5.05;0.4;4,65
15/02/2016;4.79;0.4;4,39
16/02/2016;4.67;0.4;4,27
17/02/2016;5.07;0.38;4,69
18/02/2016;5.24;0.38;4,86
19/02/2016;5.15;0.38;4,77
22/02/2016;5.4;0.39;5,01
23/02/2016;4.89;0.39;4,5
24/02/2016;4.85;0.38;4,47
25/02/2016;5.07;0.38;4,69
26/02/2016;5;0.39;4,61
29/02/2016;5;0.38;4,62
1/03/2016;5.01;0.38;4,63
2/03/2016;4.96;0.39;4,57
3/03/2016;4.91;0.38;4,53
4/03/2016;4.92;0.39;4,53
7/03/2016;5.08;0.38;4,7
8/03/2016;5.01;0.39;4,62
9/03/2016;5.07;0.4;4,67
10/03/2016;4.9;0.38;4,52
11/03/2016;4.98;0.39;4,59
14/03/2016;4.88;0.38;4,5
15/03/2016;4.91;0.42;4,49
16/03/2016;4.95;0.39;4,56
17/03/2016;5;0.39;4,61
18/03/2016;4.94;0.4;4,54
21/03/2016;4.9;0.4;4,5
22/03/2016;4.81;0.39;4,42
23/03/2016;4.78;0.39;4,39
24/03/2016;4.84;0.4;4,44
29/03/2016;4.77;0.4;4,37
30/03/2016;4.95;0.39;4,56
31/03/2016;5.2;0.39;4,81
1/04/2016;5.19;0.41;4,78
4/04/2016;5.32;0.42;4,9
5/04/2016;5.21;0.44;4,77
6/04/2016;5.3;0.42;4,88
7/04/2016;5.27;0.43;4,84
8/04/2016;5.41;0.44;4,97
11/04/2016;5.57;0.46;5,11
12/04/2016;5.58;0.46;5,12
13/04/2016;5.53;0.44;5,09
14/04/2016;5.61;0.4;5,21
15/04/2016;5.47;0.43;5,04
18/04/2016;5.46;0.39;5,07
19/04/2016;5.55;0.41;5,14
20/04/2016;5.5;0.41;5,09
21/04/2016;5.74;0.42;5,32
22/04/2016;5.96;0.43;5,53
25/04/2016;5.88;0.42;5,46
26/04/2016;6.61;0.42;6,19
27/04/2016;6.82;0.42;6,4
28/04/2016;6.32;0.44;5,88
29/04/2016;6.16;0.44;5,72
2/05/2016;6.11;0.44;5,67
3/05/2016;5.96;0.43;5,53
4/05/2016;6.12;0.42;5,7
5/05/2016;6.19;0.43;5,76
6/05/2016;5.84;0.42;5,42
9/05/2016;5.68;0.42;5,26
10/05/2016;5.88;0.43;5,45
11/05/2016;6;0.43;5,57
12/05/2016;5.8;0.42;5,38
13/05/2016;5.83;0.42;5,41
16/05/2016;6.09;0.41;5,68
17/05/2016;6.02;0.42;5,6
18/05/2016;6.03;0.42;5,61
19/05/2016;5.97;0.41;5,56
20/05/2016;5.94;0.41;5,53
23/05/2016;5.72;0.41;5,31
24/05/2016;5.78;0.41;5,37
25/05/2016;5.84;0.4;5,44
26/05/2016;6.01;0.41;5,6
27/05/2016;6.02;0.41;5,61
30/05/2016;6.1;0.41;5,69
31/05/2016;6.08;0.41;5,67
1/06/2016;5.95;0.41;5,54
2/06/2016;6.01;0.4;5,61
3/06/2016;5.93;0.4;5,53
6/06/2016;6.19;0.4;5,79
7/06/2016;6.09;0.4;5,69
8/06/2016;6.08;0.41;5,67
9/06/2016;6.1;0.4;5,7
10/06/2016;5.94;0.4;5,54
13/06/2016;5.84;0.4;5,44
14/06/2016;5.85;0.4;5,45
15/06/2016;5.9;0.4;5,5
16/06/2016;5.72;0.4;5,32
17/06/2016;5.66;0.39;5,27
20/06/2016;5.84;0.39;5,45
21/06/2016;5.54;0.39;5,15
22/06/2016;5.67;0.39;5,28
23/06/2016;5.66;0.39;5,27
24/06/2016;4.97;0.39;4,58
27/06/2016;4.76;0.38;4,38
28/06/2016;4.68;0.38;4,3
29/06/2016;4.53;0.38;4,15
30/06/2016;4.48;0.39;4,09
1/07/2016;4.61;0.39;4,22
4/07/2016;4.96;0.38;4,58
5/07/2016;4.68;0.39;4,29
6/07/2016;4.58;0.4;4,18
7/07/2016;4.57;0.39;4,18
8/07/2016;4.54;0.4;4,14
11/07/2016;4.43;0.4;4,03
12/07/2016;4.62;0.4;4,22
13/07/2016;4.78;0.41;4,37
14/07/2016;4.76;0.4;4,36
15/07/2016;4.96;0.41;4,55
18/07/2016;4.84;0.39;4,45
19/07/2016;4.66;0.4;4,26
20/07/2016;4.67;0.4;4,27
21/07/2016;4.64;0.39;4,25
22/07/2016;4.55;0.4;4,15
25/07/2016;4.58;0.4;4,18
26/07/2016;4.51;0.39;4,12
27/07/2016;4.52;0.4;4,12
28/07/2016;4.5;0.4;4,1
29/07/2016;4.41;0.41;4
1/08/2016;4.37;0.4;3,97
2/08/2016;4.4;0.4;4
3/08/2016;4.6;0.41;4,19
4/08/2016;4.68;0.42;4,26
8/08/2016;4.92;0.42;4,5
9/08/2016;4.86;0.41;4,45
10/08/2016;4.76;0.4;4,36
11/08/2016;4.87;0.41;4,46
12/08/2016;4.89;0.4;4,49
15/08/2016;4.8;0.4;4,4
16/08/2016;4.69;0.39;4,3
17/08/2016;4.48;0.39;4,09
18/08/2016;4.68;0.4;4,28
19/08/2016;4.75;0.4;4,35
22/08/2016;4.89;0.41;4,48
23/08/2016;4.66;0.41;4,25
24/08/2016;4.61;0.41;4,2
25/08/2016;4.68;0.41;4,27
26/08/2016;4.7;0.41;4,29
29/08/2016;4.68;0.41;4,27
30/08/2016;4.54;0.4;4,14
31/08/2016;4.46;0.39;4,07
1/09/2016;4.39;0.39;4
2/09/2016;4.08;0.38;3,7
5/09/2016;3.96;0.39;3,57
6/09/2016;4.12;0.38;3,74
7/09/2016;4;0.38;3,62
8/09/2016;4.05;0.38;3,67
9/09/2016;4.07;0.38;3,69
12/09/2016;4.02;0.38;3,64
13/09/2016;4.01;0.39;3,62
14/09/2016;3.98;0.38;3,6
15/09/2016;4.14;0.37;3,77
16/09/2016;4.36;0.37;3,99
19/09/2016;4.38;0.39;3,99
20/09/2016;4.17;0.38;3,79
21/09/2016;4.19;0.38;3,81
22/09/2016;4.4;0.38;4,02
23/09/2016;4.5;0.38;4,12
23/09/2016;4.96;0.38;4,58
26/09/2016;4.6;0.38;4,22
27/09/2016;4.45;0.37;4,08
28/09/2016;4.94;0.38;4,56
29/09/2016;5.03;0.38;4,65
3/10/2016;5.3;0.38;4,92
4/10/2016;5.23;0.38;4,85
5/10/2016;5.45;0.38;5,07
6/10/2016;5.82;0.39;5,43
7/10/2016;5.67;0.38;5,29
10/10/2016;5.65;0.38;5,27
11/10/2016;5.45;0.38;5,07
12/10/2016;5.51;0.38;5,13
13/10/2016;5.63;0.38;5,25
14/10/2016;5.78;0.38;5,4
17/10/2016;5.84;0.37;5,47
18/10/2016;5.92;0.38;5,54
19/10/2016;5.65;0.38;5,27
20/10/2016;5.56;0.38;5,18
21/10/2016;5.85;0.39;5,46
24/10/2016;5.78;0.38;5,4
25/10/2016;5.76;0.38;5,38
26/10/2016;5.92;0.38;5,54
27/10/2016;5.81;0.37;5,44
28/10/2016;5.87;0.38;5,49
31/10/2016;5.88;0.38;5,5
1/11/2016;6.01;0.38;5,63
2/11/2016;6.24;0.39;5,85
3/11/2016;6.47;0.38;6,09
4/11/2016;6.4;0.39;6,01
7/11/2016;6.2;0.37;5,83
8/11/2016;6.14;0.36;5,78
9/11/2016;6.12;0.36;5,76
10/11/2016;5.9;0.36;5,54
11/11/2016;5.68;0.37;5,31
14/11/2016;5.41;0.36;5,05
15/11/2016;5.73;0.37;5,36
16/11/2016;5.55;0.37;5,18
17/11/2016;5.9;0.38;5,52
18/11/2016;5.59;0.37;5,22
21/11/2016;5.48;0.34;5,14
22/11/2016;5.51;0.34;5,17
23/11/2016;5.39;0.31;5,08
24/11/2016;5.34;0.3;5,04
25/11/2016;5;0.3;4,7
28/11/2016;4.74;0.29;4,45
29/11/2016;4.55;0.27;4,28
30/11/2016;4.61;0.28;4,33
1/12/2016;4.46;0.3;4,16
2/12/2016;4.3;0.31;3,99
5/12/2016;4.35;0.32;4,03
6/12/2016;4.5;0.3;4,2
7/12/2016;4.3;0.29;4,01
8/12/2016;4.58;0.3;4,28
9/12/2016;4.46;0.3;4,16
12/12/2016;4.86;0.3;4,56
13/12/2016;4.78;0.31;4,47
14/12/2016;5;0.31;4,69
15/12/2016;4.79;0.31;4,48
16/12/2016;4.88;0.31;4,57
19/12/2016;5.11;0.31;4,8
20/12/2016;5.22;0.32;4,9
21/12/2016;5.82;0.33;5,49
22/12/2016;6.05;0.33;5,72
23/12/2016;6.31;0.34;5,97
27/12/2016;6.25;0.29;5,96
28/12/2016;6.32;0.28;6,04
29/12/2016;6.33;0.28;6,05
30/12/2016;6.54;0.27;6,27
2/01/2017;6.11;0.28;5,83
3/01/2017;5.42;0.27;5,15
4/01/2017;5.63;0.27;5,36
5/01/2017;5.29;0.27;5,02
6/01/2017;5.02;0.27;4,75
9/01/2017;5.25;0.28;4,97
10/01/2017;5.49;0.28;5,21
11/01/2017;5.5;0.28;5,22
12/01/2017;5.03;0.28;4,75
13/01/2017;5.03;0.28;4,75
16/01/2017;4.69;0.28;4,41
17/01/2017;4.99;0.28;4,71
18/01/2017;4.85;0.28;4,57
19/01/2017;5.19;0.28;4,91
20/01/2017;5.42;0.28;5,14
23/01/2017;5.31;0.28;5,03
24/01/2017;5.09;0.28;4,81
25/01/2017;5.01;0.28;4,73
26/01/2017;5.19;0.28;4,91
27/01/2017;4.94;0.28;4,66
30/01/2017;5.15;0.28;4,87
31/01/2017;5.33;0.28;5,05
1/02/2017;5.26;0.28;4,98
2/02/2017;5.21;0.28;4,93
3/02/2017;5.14;0.28;4,86
6/02/2017;5.07;0.28;4,79
7/02/2017;5.16;0.28;4,88
8/02/2017;5.19;0.28;4,91
9/02/2017;5.27;0.29;4,98
10/02/2017;5.11;0.29;4,82
13/02/2017;4.9;0.28;4,62
14/02/2017;5.12;0.29;4,83
15/02/2017;5.04;0.29;4,75
16/02/2017;4.93;0.29;4,64
17/02/2017;4.95;0.29;4,66
20/02/2017;5.09;0.29;4,8
21/02/2017;5.04;0.29;4,75
22/02/2017;5.06;0.28;4,78
23/02/2017;5.34;0.28;5,06
24/02/2017;5.38;0.28;5,1
27/02/2017;5.18;0.28;4,9
28/02/2017;5.24;0.29;4,95
1/03/2017;5.93;0.29;5,64
2/03/2017;5.46;0.28;5,18
3/03/2017;5.59;0.28;5,31
6/03/2017;5.48;0.28;5,2
7/03/2017;5.37;0.28;5,09
8/03/2017;5.23;0.29;4,94
9/03/2017;5.13;0.29;4,84
10/03/2017;5.16;0.28;4,88
13/03/2017;5.15;0.28;4,87
14/03/2017;5.1;0.28;4,82
15/03/2017;5.19;0.28;4,91
16/03/2017;5.14;0.28;4,86
17/03/2017;5.12;0.28;4,84
20/03/2017;4.99;0.28;4,71
21/03/2017;4.93;0.28;4,65
22/03/2017;4.96;0.28;4,68
23/03/2017;4.96;0.28;4,68
24/03/2017;4.77;0.26;4,51
27/03/2017;4.64;0.26;4,38
28/03/2017;4.74;0.27;4,47
29/03/2017;4.73;0.27;4,46
30/03/2017;4.91;0.27;4,64
31/03/2017;4.68;0.27;4,41
3/04/2017;4.86;0.27;4,59
4/04/2017;4.65;0.26;4,39
5/04/2017;4.81;0.26;4,55
6/04/2017;5.04;0.26;4,78
7/04/2017;4.9;0.27;4,63
10/04/2017;4.8;0.26;4,54
11/04/2017;4.87;0.26;4,61
12/04/2017;4.92;0.25;4,67
13/04/2017;4.95;0.25;4,7
18/04/2017;4.86;0.26;4,6
19/04/2017;4.84;0.25;4,59
20/04/2017;4.77;0.26;4,51
21/04/2017;4.57;0.25;4,32
24/04/2017;4.67;0.25;4,42
25/04/2017;4.52;0.25;4,27
26/04/2017;4.6;0.25;4,35
27/04/2017;4.57;0.24;4,33
28/04/2017;4.58;0.24;4,34
2/05/2017;4.45;0.24;4,21
3/05/2017;4.4;0.24;4,16
4/05/2017;4.5;0.25;4,25
5/05/2017;4.58;0.25;4,33
8/05/2017;4.4;0.26;4,14
9/05/2017;4.51;0.25;4,26
10/05/2017;4.46;0.25;4,21
11/05/2017;4.36;0.25;4,11
12/05/2017;4.45;0.25;4,2
12/05/2017;4.83;0.24;4,59
15/05/2017;4.39;0.25;4,14
16/05/2017;4.53;0.24;4,29
17/05/2017;4.57;0.25;4,32
18/05/2017;4.76;0.24;4,52
19/05/2017;4.83;0.24;4,59
22/05/2017;4.92;0.25;4,67
23/05/2017;4.73;0.24;4,49
24/05/2017;4.9;0.24;4,66
25/05/2017;4.98;0.23;4,75
26/05/2017;5.19;0.23;4,96
29/05/2017;5.15;0.23;4,92
30/05/2017;5.13;0.22;4,91
31/05/2017;4.97;0.22;4,75
1/06/2017;5.08;0.23;4,85
2/06/2017;5.16;0.22;4,94
5/06/2017;5.16;0.22;4,94
6/06/2017;4.96;0.22;4,74
7/06/2017;4.9;0.22;4,68
8/06/2017;5.05;0.22;4,83
9/06/2017;5.04;0.22;4,82
12/06/2017;4.92;0.22;4,7
13/06/2017;5;0.21;4,79
14/06/2017;4.95;0.21;4,74
15/06/2017;4.96;0.21;4,75
16/06/2017;4.91;0.21;4,7
19/06/2017;4.92;0.21;4,71
20/06/2017;4.95;0.22;4,73
21/06/2017;4.91;0.21;4,7
22/06/2017;4.88;0.21;4,67
23/06/2017;4.89;0.21;4,68
26/06/2017;4.81;0.21;4,6
27/06/2017;4.95;0.21;4,74
28/06/2017;4.98;0.22;4,76
29/06/2017;5.1;0.22;4,88
30/06/2017;5.02;0.21;4,81
3/07/2017;5.14;0.22;4,92
4/07/2017;5.1;0.22;4,88
5/07/2017;5.04;0.21;4,83
6/07/2017;5.24;0.22;5,02
7/07/2017;5.38;0.22;5,16
10/07/2017;5.4;0.22;5,18
11/07/2017;5.32;0.21;5,11
12/07/2017;5.47;0.22;5,25
13/07/2017;5.34;0.22;5,12
14/07/2017;5.39;0.22;5,17
17/07/2017;5.43;0.21;5,22
18/07/2017;5.45;0.21;5,24
19/07/2017;5.38;0.21;5,17
20/07/2017;5.3;0.21;5,09
21/07/2017;5.07;0.21;4,86
24/07/2017;5.16;0.21;4,95
25/07/2017;5.18;0.22;4,96
26/07/2017;5.26;0.23;5,03
27/07/2017;5.15;0.22;4,93
28/07/2017;5.17;0.21;4,96
31/07/2017;5.22;0.21;5,01
1/08/2017;5.29;0.21;5,08
2/08/2017;5.42;0.21;5,21
3/08/2017;5.42;0.21;5,21
4/08/2017;5.36;0.21;5,15
7/08/2017;5.26;0.21;5,05
8/08/2017;5.26;0.21;5,05
9/08/2017;5.36;0.21;5,15
10/08/2017;5.36;0.21;5,15
11/08/2017;5.38;0.21;5,17
14/08/2017;5.51;0.21;5,3
15/08/2017;5.52;0.21;5,31
16/08/2017;5.8;0.22;5,58
17/08/2017;5.8;0.22;5,58
18/08/2017;5.81;0.22;5,59
21/08/2017;5.74;0.22;5,52
22/08/2017;5.78;0.22;5,56
23/08/2017;5.89;0.22;5,67
24/08/2017;5.91;0.22;5,69
25/08/2017;6.02;0.23;5,79
28/08/2017;6.1;0.22;5,88
29/08/2017;6.02;0.22;5,8
30/08/2017;6.01;0.22;5,79
31/08/2017;5.93;0.22;5,71
1/09/2017;5.83;0.22;5,61
4/09/2017;5.91;0.21;5,7
5/09/2017;6.49;0.2;6,29
6/09/2017;6.68;0.2;6,48
7/09/2017;6.9;0.2;6,7
8/09/2017;7.06;0.2;6,86
11/09/2017;6.88;0.21;6,67
12/09/2017;6.86;0.2;6,66
13/09/2017;7.07;0.2;6,87
14/09/2017;7.08;0.2;6,88
15/09/2017;6.94;0.2;6,74
18/09/2017;6.73;0.21;6,52
19/09/2017;7.02;0.21;6,81
20/09/2017;6.9;0.21;6,69
21/09/2017;6.57;0.2;6,37
22/09/2017;6.64;0.2;6,44
25/09/2017;7.26;0.2;7,06
26/09/2017;6.97;0.2;6,77
27/09/2017;6.92;0.2;6,72
28/09/2017;6.95;0.2;6,75
29/09/2017;7.06;0.2;6,86
2/10/2017;6.93;0.2;6,73
3/10/2017;6.98;0.19;6,79
4/10/2017;6.9;0.19;6,71
5/10/2017;6.89;0.19;6,7
6/10/2017;7;0.2;6,8
9/10/2017;6.95;0.19;6,76
10/10/2017;7.35;0.2;7,15
11/10/2017;7.39;0.21;7,18
12/10/2017;7.42;0.2;7,22
13/10/2017;7.31;0.21;7,1
16/10/2017;7.36;0.2;7,16
17/10/2017;7.45;0.19;7,26
18/10/2017;7.77;0.2;7,57
19/10/2017;7.65;0.2;7,45
20/10/2017;7.57;0.2;7,37
23/10/2017;7.44;0.19;7,25
24/10/2017;7.46;0.19;7,27
25/10/2017;7.41;0.19;7,22
26/10/2017;7.2;0.19;7,01
27/10/2017;7.18;0.18;7
30/10/2017;7.16;0.19;6,97
31/10/2017;7.37;0.19;7,18
1/11/2017;7.49;0.19;7,3
2/11/2017;7.68;0.19;7,49
3/11/2017;7.87;0.18;7,69
6/11/2017;7.92;0.18;7,74
7/11/2017;7.76;0.17;7,59
8/11/2017;7.72;0.18;7,54
9/11/2017;7.56;0.18;7,38
10/11/2017;7.41;0.18;7,23
13/11/2017;7.36;0.18;7,18
14/11/2017;7.39;0.17;7,22
15/11/2017;7.69;0.17;7,52
16/11/2017;7.52;0.18;7,34
17/11/2017;7.5;0.18;7,32
20/11/2017;7.44;0.18;7,26
21/11/2017;7.37;0.18;7,19
22/11/2017;7.36;0.17;7,19
23/11/2017;7.66;0.17;7,49
24/11/2017;7.76;0.17;7,59
27/11/2017;7.67;0.17;7,5
28/11/2017;7.6;0.17;7,43
29/11/2017;7.7;0.17;7,53
30/11/2017;7.49;0.17;7,32
1/12/2017;7.67;0.17;7,5
4/12/2017;7.55;0.17;7,38
5/12/2017;7.44;0.17;7,27
6/12/2017;7.28;0.17;7,11
7/12/2017;7.32;0.17;7,15
8/12/2017;7.16;0.17;6,99
11/12/2017;7.2;0.18;7,02
12/12/2017;7.15;0.17;6,98
13/12/2017;7.1;0.17;6,93
14/12/2017;7.1;0.17;6,93
15/12/2017;7.19;0.17;7,02
18/12/2017;7.37;0.18;7,19
19/12/2017;7.47;0.17;7,3
20/12/2017;7.77;0.17;7,6
21/12/2017;7.98;0.17;7,81
22/12/2017;8.13;0.17;7,96
27/12/2017;8.12;0.17;7,95
28/12/2017;8.14;0.17;7,97
29/12/2017;8.14;0.17;7,97
2/01/2018;7.74;0.17;7,57
3/01/2018;7.78;0.17;7,61
4/01/2018;7.74;0.17;7,57
5/01/2018;7.75;0.17;7,58
8/01/2018;7.64;0.17;7,47
9/01/2018;7.73;0.17;7,56
10/01/2018;7.86;0.17;7,69
11/01/2018;7.79;0.17;7,62
12/01/2018;7.83;0.17;7,66
15/01/2018;7.74;0.17;7,57
16/01/2018;8.02;0.17;7,85
17/01/2018;8.13;0.17;7,96
18/01/2018;8.46;0.17;8,29
19/01/2018;8.73;0.17;8,56
22/01/2018;8.72;0.17;8,55
23/01/2018;8.98;0.17;8,81
24/01/2018;9.42;0.18;9,24
25/01/2018;9.21;0.17;9,04
26/01/2018;9.06;0.17;8,89
29/01/2018;8.97;0.18;8,79
30/01/2018;8.85;0.18;8,67
31/01/2018;9.25;0.18;9,07
1/02/2018;9.24;0.18;9,06
2/02/2018;8.93;0.18;8,75
5/02/2018;9.05;0.18;8,87
6/02/2018;8.78;0.17;8,61
7/02/2018;8.97;0.17;8,8
8/02/2018;9.1;0.17;8,93
9/02/2018;9.21;0.17;9,04
12/02/2018;9.46;0.17;9,29
13/02/2018;9.86;0.17;9,69
14/02/2018;9.57;0.17;9,4
15/02/2018;9.52;0.18;9,34
16/02/2018;9.5;0.18;9,32
19/02/2018;9.86;0.18;9,68
20/02/2018;9.7;0.18;9,52
21/02/2018;9.54;0.18;9,36
22/02/2018;9.7;0.18;9,52
23/02/2018;9.77;0.18;9,59
26/02/2018;9.61;0.18;9,43
27/02/2018;10.13;0.19;9,94
28/02/2018;10.07;0.19;9,88
1/03/2018;9.97;0.18;9,79
2/03/2018;10.1;0.19;9,91
5/03/2018;10.3;0.19;10,11
6/03/2018;10.43;0.18;10,25
7/03/2018;10.6;0.19;10,41
8/03/2018;11.03;0.19;10,84
9/03/2018;11.05;0.19;10,86
12/03/2018;11.06;0.19;10,87
13/03/2018;11.37;0.19;11,18
14/03/2018;11.16;0.19;10,97
15/03/2018;11.17;0.19;10,98
16/03/2018;11.16;0.19;10,97
19/03/2018;11.04;0.19;10,85
20/03/2018;11.52;0.19;11,33
21/03/2018;12.62;0.19;12,43
22/03/2018;12.31;0.19;12,12
23/03/2018;12.57;0.19;12,38
26/03/2018;12.91;0.19;12,72
27/03/2018;13.65;0.19;13,46
28/03/2018;12.96;0.19;12,77
29/03/2018;13.26;0.19;13,07
3/04/2018;13.27;0.19;13,08
4/04/2018;13.02;0.2;12,82
5/04/2018;12.61;0.2;12,41
6/04/2018;12.96;0.2;12,76
9/04/2018;13.3;0.2;13,1
10/04/2018;13.34;0.2;13,14
11/04/2018;13.41;0.2;13,21
12/04/2018;13.54;0.2;13,34
13/04/2018;13.9;0.2;13,7
16/04/2018;13.96;0.2;13,76
17/04/2018;13.73;0.2;13,53
18/04/2018;13.83;0.2;13,63
19/04/2018;13.42;0.2;13,22
20/04/2018;13.03;0.2;12,83
23/04/2018;12.87;0.2;12,67
24/04/2018;13.18;0.21;12,97
25/04/2018;13.21;0.2;13,01
26/04/2018;13.44;0.2;13,24
27/04/2018;13.51;0.2;13,31
30/04/2018;13.55;0.2;13,35
1/05/2018;13.33;0.2;13,13
2/05/2018;12.97;0.2;12,77
3/05/2018;12.89;0.2;12,69
4/05/2018;12.97;0.2;12,77
7/05/2018;13.57;0.2;13,37
8/05/2018;13.54;0.2;13,34
9/05/2018;13.95;0.2;13,75
10/05/2018;14.55;0.2;14,35
11/05/2018;14.57;0.2;14,37
14/05/2018;14.58;0.2;14,38
15/05/2018;14.32;0.2;14,12
16/05/2018;15.15;0.21;14,94
17/05/2018;15.27;0.21;15,06
18/05/2018;15.22;0.22;15
21/05/2018;15.51;0.22;15,29
22/05/2018;15.9;0.22;15,68
23/05/2018;15.98;0.22;15,76
24/05/2018;16.26;0.22;16,04
25/05/2018;15.98;0.22;15,76
28/05/2018;16.3;0.22;16,08
29/05/2018;16.27;0.22;16,05
30/05/2018;15.85;0.22;15,63
31/05/2018;14.9;0.22;14,68
1/06/2018;15.26;0.22;15,04
4/06/2018;16.1;0.22;15,88
5/06/2018;15.74;0.22;15,52
6/06/2018;15.89;0.22;15,67
7/06/2018;15.95;0.22;15,73
8/06/2018;15.76;0.23;15,53
11/06/2018;15.47;0.23;15,24
12/06/2018;15.14;0.23;14,91
13/06/2018;15.28;0.23;15,05
14/06/2018;14.9;0.23;14,67
15/06/2018;14.52;0.23;14,29
18/06/2018;14.57;0.23;14,34
19/06/2018;14.22;0.22;14
20/06/2018;14.47;0.22;14,25
21/06/2018;14.78;0.22;14,56
22/06/2018;15.09;0.23;14,86
25/06/2018;14.99;0.23;14,76
26/06/2018;14.99;0.23;14,76
27/06/2018;15.21;0.23;14,98
28/06/2018;14.97;0.23;14,74
29/06/2018;14.98;0.23;14,75
2/07/2018;15.02;0.23;14,79
3/07/2018;15.06;0.24;14,82
4/07/2018;15.48;0.25;15,23
5/07/2018;15.64;0.25;15,39
6/07/2018;15.68;0.25;15,43
9/07/2018;15.96;0.25;15,71
10/07/2018;16.03;0.25;15,78
11/07/2018;16.28;0.25;16,03
12/07/2018;16.05;0.25;15,8
13/07/2018;16.02;0.25;15,77
16/07/2018;15.89;0.26;15,63
17/07/2018;15.98;0.26;15,72
18/07/2018;16.32;0.31;16,01
19/07/2018;16.82;0.33;16,49
20/07/2018;17.03;0.33;16,7
23/07/2018;17.32;0.32;17
24/07/2018;17.06;0.32;16,74
25/07/2018;17.3;0.32;16,98
26/07/2018;17.31;0.32;16,99
27/07/2018;17.07;0.32;16,75
30/07/2018;17.02;0.28;16,74
31/07/2018;17.36;0.28;17,08
1/08/2018;17.74;0.28;17,46
2/08/2018;17.57;0.28;17,29
3/08/2018;17.63;0.29;17,34
6/08/2018;17.52;0.29;17,23
7/08/2018;17.44;0.28;17,16
8/08/2018;17.35;0.29;17,06
9/08/2018;17.55;0.29;17,26
10/08/2018;17.79;0.27;17,52
13/08/2018;17.98;0.27;17,71
14/08/2018;18.08;0.27;17,81
15/08/2018;18.02;0.27;17,75
16/08/2018;17.9;0.27;17,63
17/08/2018;18.08;0.27;17,81
20/08/2018;18.45;0.27;18,18
21/08/2018;19.22;0.27;18,95
22/08/2018;19.76;0.27;19,49
23/08/2018;20.36;0.29;20,07
24/08/2018;20.7;0.29;20,41
27/08/2018;21.26;0.29;20,97
28/08/2018;20.65;0.28;20,37
29/08/2018;21.02;0.28;20,74
30/08/2018;21.12;0.29;20,83
31/08/2018;21.05;0.29;20,76
3/09/2018;20.12;0.28;19,84
4/09/2018;20.14;0.29;19,85
5/09/2018;20.32;0.29;20,03
6/09/2018;21.42;0.29;21,13
7/09/2018;23.22;0.29;22,93
10/09/2018;25.18;0.29;24,89
11/09/2018;24.12;0.29;23,83
12/09/2018;22.9;0.29;22,61
13/09/2018;18.9;0.29;18,61
14/09/2018;19.93;0.29;19,64
17/09/2018;20.9;0.29;20,61
18/09/2018;20.19;0.29;19,9
19/09/2018;21.43;0.29;21,14
20/09/2018;21.98;0.29;21,69
21/09/2018;22.08;0.29;21,79
24/09/2018;22.43;0.29;22,14
25/09/2018;21.19;0.29;20,9
26/09/2018;20.18;0.29;19,89
27/09/2018;20.74;0.29;20,45
28/09/2018;21.16;0.29;20,87
1/10/2018;21.32;0.28;21,04
2/10/2018;20.86;0.28;20,58
3/10/2018;21.11;0.28;20,83
4/10/2018;21.3;0.28;21,02
5/10/2018;22.09;0.28;21,81
8/10/2018;21.82;0.28;21,54
9/10/2018;20.75;0.28;20,47
10/10/2018;19.53;0.27;19,26
11/10/2018;19.86;0.28;19,58
12/10/2018;20.35;0.28;20,07
15/10/2018;18.59;0.28;18,31
16/10/2018;19.28;0.28;19
17/10/2018;19.24;0.28;18,96
18/10/2018;19.75;0.28;19,47
19/10/2018;19.7;0.28;19,42
22/10/2018;19;0.28;18,72
23/10/2018;19.21;0.28;18,93
24/10/2018;19.61;0.28;19,33
25/10/2018;19.09;0.28;18,81
26/10/2018;18.28;0.28;18
29/10/2018;16.68;0.28;16,4
30/10/2018;16.13;0.28;15,85
31/10/2018;16.36;0.28;16,08
1/11/2018;15.62;0.28;15,34
2/11/2018;17.08;0.28;16,8
5/11/2018;17.23;0.28;16,95
6/11/2018;17.57;0.28;17,29
7/11/2018;18.62;0.27;18,35
8/11/2018;19.58;0.27;19,31
9/11/2018;19.45;0.27;19,18
12/11/2018;20.49;0.27;20,22
13/11/2018;20.14;0.27;19,87
14/11/2018;19.73;0.27;19,46
15/11/2018;19;0.27;18,73
16/11/2018;19.11;0.26;18,85
19/11/2018;18.93;0.26;18,67
20/11/2018;19.5;0.26;19,24
21/11/2018;20.49;0.27;20,22
22/11/2018;20.86;0.27;20,59
23/11/2018;20.18;0.27;19,91
26/11/2018;19.83;0.27;19,56
27/11/2018;19.65;0.27;19,38
28/11/2018;19.25;0.27;18,98
29/11/2018;20.08;0.27;19,81
30/11/2018;20.5;0.27;20,23
3/12/2018;20.63;0.26;20,37
4/12/2018;20.73;0.25;20,48
5/12/2018;19.65;0.25;19,4
6/12/2018;20;0.26;19,74
7/12/2018;20.29;0.25;20,04
10/12/2018;20.83;0.25;20,58
11/12/2018;20.16;0.26;19,9
12/12/2018;21.46;0.25;21,21
13/12/2018;22.18;0.26;21,92
14/12/2018;23.37;0.25;23,12
17/12/2018;24.27;0.25;24,02
18/12/2018;23.95;0.26;23,69
19/12/2018;24.33;0.25;24,08
20/12/2018;24.13;0.25;23,88
21/12/2018;24.57;0.24;24,33
24/12/2018;24.81;0.24;24,57
27/12/2018;24.64;0.24;24,4
28/12/2018;24.61;0.25;24,36
31/12/2018;24.18;0.25;23,93
2/01/2019;24.98;0.24;24,74
3/01/2019;23.03;0.24;22,79
4/01/2019;23.49;0.24;23,25
7/01/2019;22.1;0.24;21,86
8/01/2019;22.62;0.24;22,38
9/01/2019;21.89;0.25;21,64
10/01/2019;21.94;0.24;21,7
11/01/2019;22.59;0.24;22,35
14/01/2019;22.4;0.23;22,17
15/01/2019;22.46;0.24;22,22
16/01/2019;23.27;0.24;23,03
17/01/2019;23.49;0.24;23,25
18/01/2019;24.71;0.24;24,47
21/01/2019;24.28;0.24;24,04
22/01/2019;25.01;0.24;24,77
23/01/2019;24.54;0.24;24,3
24/01/2019;23.81;0.24;23,57
25/01/2019;23.76;0.24;23,52
28/01/2019;22.6;0.23;22,37
29/01/2019;23.2;0.24;22,96
30/01/2019;22.9;0.23;22,67
31/01/2019;22.14;0.23;21,91
1/02/2019;21.8;0.23;21,57
4/02/2019;22.89;0.22;22,67
5/02/2019;23.02;0.23;22,79
6/02/2019;23.55;0.22;23,33
7/02/2019;23.32;0.22;23,1
8/02/2019;22.2;0.22;21,98
11/02/2019;22.26;0.23;22,03
12/02/2019;20.57;0.23;20,34
13/02/2019;20.83;0.23;20,6
14/02/2019;19.67;0.23;19,44
15/02/2019;20.3;0.23;20,07
18/02/2019;19.89;0.23;19,66
19/02/2019;20.09;0.23;19,86
20/02/2019;20.36;0.23;20,13
21/02/2019;18.7;0.23;18,47
22/02/2019;18.84;0.23;18,61
25/02/2019;19.14;0.23;18,91
26/02/2019;19.53;0.23;19,3
27/02/2019;21.16;0.23;20,93
28/02/2019;21.59;0.23;21,36
1/03/2019;22.18;0.23;21,95
4/03/2019;23.03;0.22;22,81
5/03/2019;22.87;0.22;22,65
6/03/2019;22.06;0.22;21,84
7/03/2019;23.17;0.22;22,95
8/03/2019;22.88;0.22;22,66
11/03/2019;22.2;0.23;21,97
12/03/2019;22.22;0.21;22,01
13/03/2019;22.17;0.21;21,96
14/03/2019;22.63;0.22;22,41
15/03/2019;22.36;0.22;22,14
18/03/2019;21.69;0.22;21,47
19/03/2019;21.01;0.22;20,79
20/03/2019;21.54;0.22;21,32
21/03/2019;20.83;0.22;20,61
22/03/2019;20.52;0.22;20,3
25/03/2019;20.83;0.23;20,6
26/03/2019;21.43;0.23;21,2
27/03/2019;21.74;0.23;21,51
28/03/2019;22.15;0.23;21,92
29/03/2019;21.44;0.23;21,21
1/04/2019;21.81;0.23;21,58
2/04/2019;22.1;0.23;21,87
3/04/2019;23.1;0.23;22,87
4/04/2019;24.36;0.23;24,13
5/04/2019;24.52;0.23;24,29
8/04/2019;24.21;0.23;23,98
9/04/2019;25.47;0.23;25,24
10/04/2019;26.1;0.23;25,87
11/04/2019;27.31;0.23;27,08
12/04/2019;26.49;0.24;26,25
15/04/2019;26.54;0.24;26,3
16/04/2019;26.92;0.23;26,69
17/04/2019;27.38;0.23;27,15
18/04/2019;26.85;0.23;26,62
23/04/2019;27.42;0.23;27,19
24/04/2019;27.33;0.22;27,11
25/04/2019;27.21;0.23;26,98
26/04/2019;25.78;0.22;25,56
29/04/2019;26.3;0.22;26,08
30/04/2019;26.17;0.22;25,95
1/05/2019;25.65;0.22;25,43
2/05/2019;24.62;0.22;24,4
3/05/2019;25.12;0.22;24,9
6/05/2019;25.22;0.22;25
7/05/2019;26.3;0.22;26,08
8/05/2019;26.79;0.22;26,57
9/05/2019;26.37;0.22;26,15
10/05/2019;25.54;0.22;25,32
13/05/2019;24.88;0.22;24,66
14/05/2019;25.81;0.22;25,59
15/05/2019;25.83;0.22;25,61
16/05/2019;25.47;0.22;25,25
17/05/2019;24.92;0.22;24,7
20/05/2019;25.12;0.22;24,9
21/05/2019;25.3;0.22;25,08
22/05/2019;26.29;0.22;26,07
23/05/2019;25.98;0.22;25,76
24/05/2019;25.4;0.22;25,18
27/05/2019;25.51;0.21;25,3
28/05/2019;25.4;0.21;25,19
29/05/2019;25.45;0.21;25,24
30/05/2019;25.22;0.21;25,01
31/05/2019;24.41;0.21;24,2
3/06/2019;23.68;0.21;23,47
4/06/2019;24.49;0.21;24,28
5/06/2019;24.19;0.21;23,98
7/06/2019;24.44;0.21;24,23
10/06/2019;25.13;0.2;24,93
11/06/2019;24.9;0.2;24,7
12/06/2019;24.77;0.2;24,57
13/06/2019;24.9;0.2;24,7
14/06/2019;24.99;0.2;24,79
17/06/2019;24.91;0.2;24,71
18/06/2019;25.03;0.2;24,83
19/06/2019;24.9;0.2;24,7
20/06/2019;24.98;0.2;24,78
21/06/2019;25.18;0.2;24,98
24/06/2019;26.31;0.2;26,11
25/06/2019;26.36;0.2;26,16
26/06/2019;27.34;0.21;27,13
27/06/2019;26.84;0.21;26,63
28/06/2019;26.23;0.21;26,02
1/07/2019;26.87;0.21;26,66
2/07/2019;26.67;0.21;26,46
3/07/2019;26.47;0.21;26,26
4/07/2019;25.97;0.21;25,76
5/07/2019;26.34;0.21;26,13
8/07/2019;26.69;0.21;26,48
9/07/2019;26.48;0.21;26,27
10/07/2019;28.12;0.21;27,91
11/07/2019;28.16;0.21;27,95
12/07/2019;28.76;0.21;28,55
15/07/2019;29.02;0.21;28,81
16/07/2019;28.44;0.22;28,22
17/07/2019;28.42;0.22;28,2
18/07/2019;27.74;0.22;27,52
19/07/2019;28.85;0.21;28,64
22/07/2019;28.95;0.19;28,76
23/07/2019;29.77;0.2;29,57
24/07/2019;29.11;0.2;28,91
25/07/2019;28.95;0.2;28,75
26/07/2019;28.25;0.2;28,05
29/07/2019;28.4;0.2;28,2
30/07/2019;27.87;0.21;27,66
31/07/2019;27.95;0.21;27,74
1/08/2019;29.42;0.21;29,21
2/08/2019;29.23;0.22;29,01
5/08/2019;28.67;0.21;28,46
6/08/2019;28.37;0.21;28,16
7/08/2019;28.23;0.21;28,02
8/08/2019;28.45;0.21;28,24
9/08/2019;28.09;0.21;27,88
12/08/2019;26.68;0.21;26,47
13/08/2019;27.08;0.21;26,87
14/08/2019;26.89;0.21;26,68
15/08/2019;25.95;0.21;25,74
16/08/2019;25.94;0.21;25,73
19/08/2019;26.55;0.21;26,34
20/08/2019;26.24;0.21;26,03
21/08/2019;26.06;0.21;25,85
22/08/2019;25.65;0.21;25,44
23/08/2019;25.06;0.21;24,85
26/08/2019;25.78;0.21;25,57
27/08/2019;25.4;0.21;25,19
28/08/2019;25.98;0.21;25,77
29/08/2019;26.45;0.21;26,24
30/08/2019;26.31;0.21;26,1
2/09/2019;25.19;0.21;24,98
3/09/2019;25.2;0.21;24,99
4/09/2019;25.52;0.21;25,31
5/09/2019;25.53;0.21;25,32
6/09/2019;25.03;0.21;24,82
9/09/2019;25.02;0.21;24,81
10/09/2019;26.72;0.21;26,51
11/09/2019;26.25;0.21;26,04
12/09/2019;26.43;0.21;26,22
13/09/2019;26.33;0.21;26,12
16/09/2019;27.03;0.2;26,83
17/09/2019;26.22;0.2;26,02
18/09/2019;25.45;0.21;25,24
19/09/2019;25.95;0.21;25,74
20/09/2019;26.52;0.21;26,31
23/09/2019;25.79;0.21;25,58
24/09/2019;25.53;0.21;25,32
25/09/2019;25.26;0.21;25,05
26/09/2019;25.62;0.21;25,41
27/09/2019;25.29;0.21;25,08
30/09/2019;24.86;0.21;24,65
1/10/2019;25.04;0.21;24,83
2/10/2019;24.2;0.21;23,99
3/10/2019;23.24;0.21;23,03
4/10/2019;23.01;0.21;22,8
7/10/2019;23.41;0.21;23,2
8/10/2019;22.56;0.21;22,35
9/10/2019;22.65;0.21;22,44
10/10/2019;23.26;0.21;23,05
11/10/2019;24.44;0.21;24,23
14/10/2019;24.15;0.21;23,94
15/10/2019;25.71;0.21;25,5
16/10/2019;26.3;0.21;26,09
17/10/2019;26.06;0.21;25,85
18/10/2019;25.87;0.21;25,66
21/10/2019;25.92;0.21;25,71
22/10/2019;25.71;0.22;25,49
23/10/2019;24.33;0.21;24,12
24/10/2019;24.43;0.21;24,22
25/10/2019;24.96;0.21;24,75
28/10/2019;25.11;0.2;24,91
29/10/2019;25.43;0.2;25,23
30/10/2019;25.98;0.21;25,77
31/10/2019;25.58;0.2;25,38
1/11/2019;25.3;0.2;25,1
4/11/2019;25.63;0.21;25,42
5/11/2019;25.5;0.21;25,29
6/11/2019;24.78;0.21;24,57
7/11/2019;24.99;0.21;24,78
8/11/2019;24.84;0.19;24,65
11/11/2019;24.92;0.18;24,74
12/11/2019;24.17;0.17;24
13/11/2019;24.38;0.17;24,21
14/11/2019;23.98;0.17;23,81
15/11/2019;23.85;0.16;23,69
18/11/2019;23.38;0.16;23,22
19/11/2019;23.44;0.16;23,28
20/11/2019;24.02;0.18;23,84
21/11/2019;23.93;0.18;23,75
22/11/2019;24.57;0.18;24,39
25/11/2019;24.43;0.18;24,25
26/11/2019;24.37;0.18;24,19
27/11/2019;24.98;0.18;24,8
28/11/2019;24.97;0.18;24,79
29/11/2019;25.12;0.18;24,94
2/12/2019;24.32;0.19;24,13
3/12/2019;24.02;0.19;23,83
4/12/2019;24.73;0.19;24,54
5/12/2019;24.69;0.19;24,5
6/12/2019;24.94;0.21;24,73
9/12/2019;25.12;0.22;24,9
10/12/2019;24.94;0.22;24,72
11/12/2019;24.48;0.23;24,25
12/12/2019;25.07;0.24;24,83
13/12/2019;24.02;0.24;23,78
16/12/2019;24.86;0.25;24,61
17/12/2019;25.91;0.26;25,65
18/12/2019;26.43;0.26;26,17
19/12/2019;26.57;0.26;26,31
20/12/2019;26.5;0.26;26,24
23/12/2019;26.38;0.26;26,12
24/12/2019;25.92;0.26;25,66
27/12/2019;26.54;0.26;26,28
30/12/2019;24.93;0.26;24,67
31/12/2019;24.51;0.25;24,26
2/01/2020;24.24;0.24;24
3/01/2020;24.86;0.24;24,62
6/01/2020;24.11;0.25;23,86
7/01/2020;24.44;0.25;24,19
8/01/2020;23.98;0.26;23,72
9/01/2020;24.28;0.25;24,03
10/01/2020;24.12;0.26;23,86
13/01/2020;24.06;0.25;23,81
14/01/2020;23.77;0.25;23,52
15/01/2020;24.42;0.25;24,17
16/01/2020;24.76;0.25;24,51
17/01/2020;25.33;0.25;25,08
20/01/2020;25.1;0.24;24,86
21/01/2020;24.84;0.24;24,6
22/01/2020;24.94;0.24;24,7
23/01/2020;24.63;0.25;24,38
24/01/2020;24.31;0.25;24,06
27/01/2020;24.52;0.25;24,27
28/01/2020;24.58;0.25;24,33
29/01/2020;23.92;0.26;23,66
30/01/2020;23.67;0.26;23,41
31/01/2020;23.81;0.26;23,55
3/02/2020;23.15;0.27;22,88
4/02/2020;23.3;0.27;23,03
5/02/2020;23.71;0.27;23,44
6/02/2020;23.5;0.27;23,23
7/02/2020;23.26;0.27;22,99
10/02/2020;23.11;0.27;22,84
11/02/2020;23.25;0.27;22,98
12/02/2020;23.83;0.26;23,57
13/02/2020;24.35;0.25;24,1
14/02/2020;24.24;0.25;23,99
17/02/2020;25.01;0.25;24,76
18/02/2020;25.03;0.25;24,78
19/02/2020;25.65;0.26;25,39
20/02/2020;25.58;0.26;25,32
21/02/2020;25.53;0.26;25,27
24/02/2020;24.52;0.27;24,25
25/02/2020;24.14;0.26;23,88
26/02/2020;24.22;0.26;23,96
27/02/2020;23.56;0.26;23,3
28/02/2020;23.55;0.26;23,29
2/03/2020;23.49;0.27;23,22
3/03/2020;23.33;0.27;23,06
4/03/2020;23.91;0.29;23,62
5/03/2020;23.78;0.29;23,49
6/03/2020;23.4;0.29;23,11
9/03/2020;23.25;0.3;22,95
10/03/2020;24.07;0.29;23,78
11/03/2020;23.89;0.29;23,6
12/03/2020;22.48;0.29;22,19
13/03/2020;21.92;0.29;21,63
16/03/2020;19.42;0.29;19,13
17/03/2020;18.25;0.28;17,97
18/03/2020;15.23;0.29;14,94
19/03/2020;16.3;0.29;16,01
20/03/2020;16.02;0.29;15,73
23/03/2020;15.45;0.29;15,16
24/03/2020;16.69;0.3;16,39
25/03/2020;17.45;0.3;17,15
26/03/2020;17.22;0.3;16,92
27/03/2020;16.26;0.3;15,96
30/03/2020;16.93;0.31;16,62
31/03/2020;17.55;0.31;17,24
1/04/2020;16.95;0.31;16,64
2/04/2020;17.95;0.31;17,64
3/04/2020;17.86;0.31;17,55
6/04/2020;20.3;0.31;19,99
7/04/2020;20.37;0.31;20,06
8/04/2020;21.04;0.31;20,73
9/04/2020;21.03;0.31;20,72
14/04/2020;19.72;0.32;19,4
15/04/2020;19.21;0.34;18,87
16/04/2020;20.85;0.34;20,51
17/04/2020;21.63;0.34;21,29
20/04/2020;21.29;0.35;20,94
21/04/2020;19.77;0.35;19,42
22/04/2020;20.57;0.35;20,22
23/04/2020;20.96;0.35;20,61
24/04/2020;20.66;0.34;20,32
27/04/2020;20.2;0.34;19,86
28/04/2020;20.13;0.34;19,79
29/04/2020;20.11;0.34;19,77
30/04/2020;19.38;0.32;19,06
1/05/2020;18.9;0.32;18,58
4/05/2020;19.27;0.31;18,96
5/05/2020;19.01;0.3;18,71
6/05/2020;18.92;0.31;18,61
7/05/2020;19.46;0.31;19,15
8/05/2020;19.27;0.32;18,95
11/05/2020;18.98;0.32;18,66
12/05/2020;18.44;0.31;18,13
13/05/2020;18.59;0.31;18,28
14/05/2020;18.76;0.3;18,46
15/05/2020;19.1;0.3;18,8
18/05/2020;20.26;0.3;19,96
19/05/2020;19.81;0.3;19,51
20/05/2020;21.18;0.3;20,88
21/05/2020;21.11;0.3;20,81
22/05/2020;21.32;0.3;21,02
25/05/2020;21.51;0.3;21,21
26/05/2020;21.52;0.3;21,22
27/05/2020;21.25;0.31;20,94
28/05/2020;21.18;0.31;20,87
29/05/2020;21.31;0.32;20,99
1/06/2020;20.89;0.32;20,57
2/06/2020;22.03;0.32;21,71
